--
-- PostgreSQL database dump
--

-- Dumped from database version 17.5
-- Dumped by pg_dump version 17.5

SET statement_timeout = 0;
SET lock_timeout = 0;
SET idle_in_transaction_session_timeout = 0;
SET transaction_timeout = 0;
SET client_encoding = 'UTF8';
SET standard_conforming_strings = on;
SELECT pg_catalog.set_config('search_path', '', false);
SET check_function_bodies = false;
SET xmloption = content;
SET client_min_messages = warning;
SET row_security = off;

SET default_tablespace = '';

SET default_table_access_method = heap;

--
-- Name: Generator_level; Type: TABLE; Schema: public; Owner: postgres
--

CREATE TABLE public."Generator_level" (
    id bigint NOT NULL,
    level character varying(10) NOT NULL,
    level_rus character varying(50) NOT NULL
);


ALTER TABLE public."Generator_level" OWNER TO postgres;

--
-- Name: Generator_level_id_seq; Type: SEQUENCE; Schema: public; Owner: postgres
--

ALTER TABLE public."Generator_level" ALTER COLUMN id ADD GENERATED BY DEFAULT AS IDENTITY (
    SEQUENCE NAME public."Generator_level_id_seq"
    START WITH 1
    INCREMENT BY 1
    NO MINVALUE
    NO MAXVALUE
    CACHE 1
);


--
-- Name: Generator_part; Type: TABLE; Schema: public; Owner: postgres
--

CREATE TABLE public."Generator_part" (
    id bigint NOT NULL,
    part_title character varying(35)
);


ALTER TABLE public."Generator_part" OWNER TO postgres;

--
-- Name: Generator_part_id_seq; Type: SEQUENCE; Schema: public; Owner: postgres
--

ALTER TABLE public."Generator_part" ALTER COLUMN id ADD GENERATED BY DEFAULT AS IDENTITY (
    SEQUENCE NAME public."Generator_part_id_seq"
    START WITH 1
    INCREMENT BY 1
    NO MINVALUE
    NO MAXVALUE
    CACHE 1
);


--
-- Name: Generator_subject; Type: TABLE; Schema: public; Owner: postgres
--

CREATE TABLE public."Generator_subject" (
    id bigint NOT NULL,
    subject_short character varying(50) NOT NULL,
    subject_name character varying(200) NOT NULL
);


ALTER TABLE public."Generator_subject" OWNER TO postgres;

--
-- Name: Generator_subject_id_seq; Type: SEQUENCE; Schema: public; Owner: postgres
--

ALTER TABLE public."Generator_subject" ALTER COLUMN id ADD GENERATED BY DEFAULT AS IDENTITY (
    SEQUENCE NAME public."Generator_subject_id_seq"
    START WITH 1
    INCREMENT BY 1
    NO MINVALUE
    NO MAXVALUE
    CACHE 1
);


--
-- Name: Generator_tag; Type: TABLE; Schema: public; Owner: postgres
--

CREATE TABLE public."Generator_tag" (
    id bigint NOT NULL,
    "taskTag_id" bigint NOT NULL,
    task_id bigint NOT NULL
);


ALTER TABLE public."Generator_tag" OWNER TO postgres;

--
-- Name: Generator_tag_id_seq; Type: SEQUENCE; Schema: public; Owner: postgres
--

ALTER TABLE public."Generator_tag" ALTER COLUMN id ADD GENERATED BY DEFAULT AS IDENTITY (
    SEQUENCE NAME public."Generator_tag_id_seq"
    START WITH 1
    INCREMENT BY 1
    NO MINVALUE
    NO MAXVALUE
    CACHE 1
);


--
-- Name: Generator_tagslist; Type: TABLE; Schema: public; Owner: postgres
--

CREATE TABLE public."Generator_tagslist" (
    id bigint NOT NULL,
    tag character varying(20) NOT NULL
);


ALTER TABLE public."Generator_tagslist" OWNER TO postgres;

--
-- Name: Generator_tagslist_id_seq; Type: SEQUENCE; Schema: public; Owner: postgres
--

ALTER TABLE public."Generator_tagslist" ALTER COLUMN id ADD GENERATED BY DEFAULT AS IDENTITY (
    SEQUENCE NAME public."Generator_tagslist_id_seq"
    START WITH 1
    INCREMENT BY 1
    NO MINVALUE
    NO MAXVALUE
    CACHE 1
);


--
-- Name: Generator_task; Type: TABLE; Schema: public; Owner: postgres
--

CREATE TABLE public."Generator_task" (
    id bigint NOT NULL,
    task_template text NOT NULL,
    answer text NOT NULL,
    added_at timestamp with time zone NOT NULL,
    created_by character varying NOT NULL,
    task_id bigint,
    files character varying(100),
    author text
);


ALTER TABLE public."Generator_task" OWNER TO postgres;

--
-- Name: Generator_task_id_seq; Type: SEQUENCE; Schema: public; Owner: postgres
--

ALTER TABLE public."Generator_task" ALTER COLUMN id ADD GENERATED BY DEFAULT AS IDENTITY (
    SEQUENCE NAME public."Generator_task_id_seq"
    START WITH 1
    INCREMENT BY 1
    NO MINVALUE
    NO MAXVALUE
    CACHE 1
);


--
-- Name: Generator_tasklist; Type: TABLE; Schema: public; Owner: postgres
--

CREATE TABLE public."Generator_tasklist" (
    id bigint NOT NULL,
    task_number integer NOT NULL,
    task_title character varying(100) NOT NULL,
    level_id bigint NOT NULL,
    subject_id bigint NOT NULL,
    part_id bigint
);


ALTER TABLE public."Generator_tasklist" OWNER TO postgres;

--
-- Name: Generator_tasklist_id_seq; Type: SEQUENCE; Schema: public; Owner: postgres
--

ALTER TABLE public."Generator_tasklist" ALTER COLUMN id ADD GENERATED BY DEFAULT AS IDENTITY (
    SEQUENCE NAME public."Generator_tasklist_id_seq"
    START WITH 1
    INCREMENT BY 1
    NO MINVALUE
    NO MAXVALUE
    CACHE 1
);


--
-- Name: Generator_variant; Type: TABLE; Schema: public; Owner: postgres
--

CREATE TABLE public."Generator_variant" (
    id bigint NOT NULL,
    created_at timestamp with time zone NOT NULL,
    created_by character varying NOT NULL,
    level_id bigint NOT NULL,
    var_subject_id bigint NOT NULL,
    share_token character varying(20)
);


ALTER TABLE public."Generator_variant" OWNER TO postgres;

--
-- Name: Generator_variant_id_seq; Type: SEQUENCE; Schema: public; Owner: postgres
--

ALTER TABLE public."Generator_variant" ALTER COLUMN id ADD GENERATED BY DEFAULT AS IDENTITY (
    SEQUENCE NAME public."Generator_variant_id_seq"
    START WITH 1
    INCREMENT BY 1
    NO MINVALUE
    NO MAXVALUE
    CACHE 1
);


--
-- Name: Generator_variantcontent; Type: TABLE; Schema: public; Owner: postgres
--

CREATE TABLE public."Generator_variantcontent" (
    id bigint NOT NULL,
    "order" integer NOT NULL,
    task_id bigint NOT NULL,
    variant_id bigint NOT NULL
);


ALTER TABLE public."Generator_variantcontent" OWNER TO postgres;

--
-- Name: Generator_variantcontent_id_seq; Type: SEQUENCE; Schema: public; Owner: postgres
--

ALTER TABLE public."Generator_variantcontent" ALTER COLUMN id ADD GENERATED BY DEFAULT AS IDENTITY (
    SEQUENCE NAME public."Generator_variantcontent_id_seq"
    START WITH 1
    INCREMENT BY 1
    NO MINVALUE
    NO MAXVALUE
    CACHE 1
);


--
-- Name: auth_group; Type: TABLE; Schema: public; Owner: postgres
--

CREATE TABLE public.auth_group (
    id integer NOT NULL,
    name character varying(150) NOT NULL
);


ALTER TABLE public.auth_group OWNER TO postgres;

--
-- Name: auth_group_id_seq; Type: SEQUENCE; Schema: public; Owner: postgres
--

ALTER TABLE public.auth_group ALTER COLUMN id ADD GENERATED BY DEFAULT AS IDENTITY (
    SEQUENCE NAME public.auth_group_id_seq
    START WITH 1
    INCREMENT BY 1
    NO MINVALUE
    NO MAXVALUE
    CACHE 1
);


--
-- Name: auth_group_permissions; Type: TABLE; Schema: public; Owner: postgres
--

CREATE TABLE public.auth_group_permissions (
    id bigint NOT NULL,
    group_id integer NOT NULL,
    permission_id integer NOT NULL
);


ALTER TABLE public.auth_group_permissions OWNER TO postgres;

--
-- Name: auth_group_permissions_id_seq; Type: SEQUENCE; Schema: public; Owner: postgres
--

ALTER TABLE public.auth_group_permissions ALTER COLUMN id ADD GENERATED BY DEFAULT AS IDENTITY (
    SEQUENCE NAME public.auth_group_permissions_id_seq
    START WITH 1
    INCREMENT BY 1
    NO MINVALUE
    NO MAXVALUE
    CACHE 1
);


--
-- Name: auth_permission; Type: TABLE; Schema: public; Owner: postgres
--

CREATE TABLE public.auth_permission (
    id integer NOT NULL,
    name character varying(255) NOT NULL,
    content_type_id integer NOT NULL,
    codename character varying(100) NOT NULL
);


ALTER TABLE public.auth_permission OWNER TO postgres;

--
-- Name: auth_permission_id_seq; Type: SEQUENCE; Schema: public; Owner: postgres
--

ALTER TABLE public.auth_permission ALTER COLUMN id ADD GENERATED BY DEFAULT AS IDENTITY (
    SEQUENCE NAME public.auth_permission_id_seq
    START WITH 1
    INCREMENT BY 1
    NO MINVALUE
    NO MAXVALUE
    CACHE 1
);


--
-- Name: auth_user; Type: TABLE; Schema: public; Owner: postgres
--

CREATE TABLE public.auth_user (
    id integer NOT NULL,
    password character varying(128) NOT NULL,
    last_login timestamp with time zone,
    is_superuser boolean NOT NULL,
    username character varying(150) NOT NULL,
    first_name character varying(150) NOT NULL,
    last_name character varying(150) NOT NULL,
    email character varying(254) NOT NULL,
    is_staff boolean NOT NULL,
    is_active boolean NOT NULL,
    date_joined timestamp with time zone NOT NULL
);


ALTER TABLE public.auth_user OWNER TO postgres;

--
-- Name: auth_user_groups; Type: TABLE; Schema: public; Owner: postgres
--

CREATE TABLE public.auth_user_groups (
    id bigint NOT NULL,
    user_id integer NOT NULL,
    group_id integer NOT NULL
);


ALTER TABLE public.auth_user_groups OWNER TO postgres;

--
-- Name: auth_user_groups_id_seq; Type: SEQUENCE; Schema: public; Owner: postgres
--

ALTER TABLE public.auth_user_groups ALTER COLUMN id ADD GENERATED BY DEFAULT AS IDENTITY (
    SEQUENCE NAME public.auth_user_groups_id_seq
    START WITH 1
    INCREMENT BY 1
    NO MINVALUE
    NO MAXVALUE
    CACHE 1
);


--
-- Name: auth_user_id_seq; Type: SEQUENCE; Schema: public; Owner: postgres
--

ALTER TABLE public.auth_user ALTER COLUMN id ADD GENERATED BY DEFAULT AS IDENTITY (
    SEQUENCE NAME public.auth_user_id_seq
    START WITH 1
    INCREMENT BY 1
    NO MINVALUE
    NO MAXVALUE
    CACHE 1
);


--
-- Name: auth_user_user_permissions; Type: TABLE; Schema: public; Owner: postgres
--

CREATE TABLE public.auth_user_user_permissions (
    id bigint NOT NULL,
    user_id integer NOT NULL,
    permission_id integer NOT NULL
);


ALTER TABLE public.auth_user_user_permissions OWNER TO postgres;

--
-- Name: auth_user_user_permissions_id_seq; Type: SEQUENCE; Schema: public; Owner: postgres
--

ALTER TABLE public.auth_user_user_permissions ALTER COLUMN id ADD GENERATED BY DEFAULT AS IDENTITY (
    SEQUENCE NAME public.auth_user_user_permissions_id_seq
    START WITH 1
    INCREMENT BY 1
    NO MINVALUE
    NO MAXVALUE
    CACHE 1
);


--
-- Name: django_admin_log; Type: TABLE; Schema: public; Owner: postgres
--

CREATE TABLE public.django_admin_log (
    id integer NOT NULL,
    action_time timestamp with time zone NOT NULL,
    object_id text,
    object_repr character varying(200) NOT NULL,
    action_flag smallint NOT NULL,
    change_message text NOT NULL,
    content_type_id integer,
    user_id integer NOT NULL,
    CONSTRAINT django_admin_log_action_flag_check CHECK ((action_flag >= 0))
);


ALTER TABLE public.django_admin_log OWNER TO postgres;

--
-- Name: django_admin_log_id_seq; Type: SEQUENCE; Schema: public; Owner: postgres
--

ALTER TABLE public.django_admin_log ALTER COLUMN id ADD GENERATED BY DEFAULT AS IDENTITY (
    SEQUENCE NAME public.django_admin_log_id_seq
    START WITH 1
    INCREMENT BY 1
    NO MINVALUE
    NO MAXVALUE
    CACHE 1
);


--
-- Name: django_content_type; Type: TABLE; Schema: public; Owner: postgres
--

CREATE TABLE public.django_content_type (
    id integer NOT NULL,
    app_label character varying(100) NOT NULL,
    model character varying(100) NOT NULL
);


ALTER TABLE public.django_content_type OWNER TO postgres;

--
-- Name: django_content_type_id_seq; Type: SEQUENCE; Schema: public; Owner: postgres
--

ALTER TABLE public.django_content_type ALTER COLUMN id ADD GENERATED BY DEFAULT AS IDENTITY (
    SEQUENCE NAME public.django_content_type_id_seq
    START WITH 1
    INCREMENT BY 1
    NO MINVALUE
    NO MAXVALUE
    CACHE 1
);


--
-- Name: django_migrations; Type: TABLE; Schema: public; Owner: postgres
--

CREATE TABLE public.django_migrations (
    id bigint NOT NULL,
    app character varying(255) NOT NULL,
    name character varying(255) NOT NULL,
    applied timestamp with time zone NOT NULL
);


ALTER TABLE public.django_migrations OWNER TO postgres;

--
-- Name: django_migrations_id_seq; Type: SEQUENCE; Schema: public; Owner: postgres
--

ALTER TABLE public.django_migrations ALTER COLUMN id ADD GENERATED BY DEFAULT AS IDENTITY (
    SEQUENCE NAME public.django_migrations_id_seq
    START WITH 1
    INCREMENT BY 1
    NO MINVALUE
    NO MAXVALUE
    CACHE 1
);


--
-- Name: django_session; Type: TABLE; Schema: public; Owner: postgres
--

CREATE TABLE public.django_session (
    session_key character varying(40) NOT NULL,
    session_data text NOT NULL,
    expire_date timestamp with time zone NOT NULL
);


ALTER TABLE public.django_session OWNER TO postgres;

--
-- Data for Name: Generator_level; Type: TABLE DATA; Schema: public; Owner: postgres
--

COPY public."Generator_level" (id, level, level_rus) FROM stdin;
1	oge	ОГЭ
2	ege	ЕГЭ
\.


--
-- Data for Name: Generator_part; Type: TABLE DATA; Schema: public; Owner: postgres
--

COPY public."Generator_part" (id, part_title) FROM stdin;
1	Часть 1
2	Часть 2
\.


--
-- Data for Name: Generator_subject; Type: TABLE DATA; Schema: public; Owner: postgres
--

COPY public."Generator_subject" (id, subject_short, subject_name) FROM stdin;
1	inf	Информатика
2	math	Математика
\.


--
-- Data for Name: Generator_tag; Type: TABLE DATA; Schema: public; Owner: postgres
--

COPY public."Generator_tag" (id, "taskTag_id", task_id) FROM stdin;
\.


--
-- Data for Name: Generator_tagslist; Type: TABLE DATA; Schema: public; Owner: postgres
--

COPY public."Generator_tagslist" (id, tag) FROM stdin;
\.


--
-- Data for Name: Generator_task; Type: TABLE DATA; Schema: public; Owner: postgres
--

COPY public."Generator_task" (id, task_template, answer, added_at, created_by, task_id, files, author) FROM stdin;
27	<p>Фрагмент звёздного неба спроецирован на плоскость с декартовой системой<br>координат. Учёный решил провести кластеризацию полученных точек,<br>являющихся изображениями звёзд, то есть разбить их множество на $N$<br>непересекающихся непустых подмножеств (кластеров), таких, что точки<br>каждого подмножества лежат внутри прямоугольника со сторонами длиной<br>$H$ и $W$, причём эти прямоугольники между собой не пересекаются. Стороны<br>прямоугольников не обязательно параллельны координатным осям.<br>Гарантируется, что такое разбиение существует и единственно для заданных<br>размеров прямоугольников.</p><p>Будем называть центром кластера точку этого кластера, сумма расстояний<br>от которой до всех остальных его точек минимальна. Для каждого кластера<br>гарантируется единственность его центра. Расстояние между двумя точками<br>на плоскости $A(x_1, y_1)$ и $B(x_2, y_2)$ вычисляется по формуле:<br>$$<br>d(A, B) = \\sqrt{(x_2 - x_1)^2 + (y_2 - y_1)^2}.<br>$$</p><p>В файле~А хранятся координаты точек \\textbf{двух} кластеров, где $H = 6$<br>и $W = 4{,}5$ для каждого кластера. В каждой строке записана информация<br>о расположении на карте одной звезды: сначала координата $x$, затем<br>координата $y$. Известно, что количество точек не превышает 1000.</p><p>В файле Б хранятся координаты точек \\textbf{трёх} кластеров, где $H = 6$,<br>$W = 5$ для каждого кластера. Известно, что количество точек не превышает<br>10\\,000. Структура хранения информации в файле~Б аналогична структуре<br>в файле А. Известно, что в файле~Б имеются координаты ровно трёх<br>&lt;&lt;лишних&gt;&gt; точек, представляющих аномалии, которые возникли в результате<br>помех при передаче данных. Эти три точки не относятся ни к одному<br>из кластеров, их учитывать не нужно.</p><p>Для файла А определите координаты центра каждого кластера, затем<br>найдите два числа: $P_x$ - минимальную из абсцисс центров кластеров<br>и $P_y$ - минимальную из ординат центров кластеров.</p><p>Для файла~Б определите координаты центра каждого кластера, затем<br>найдите два числа: $Q_1$ - расстояние между центрами кластеров<br>с минимальным и максимальным количеством точек и $Q_2$ -<br>максимальное расстояние от центра кластера до точки этого же кластера<br>среди всех кластеров. Гарантируется, что во всех кластерах количество<br>точек различно.</p><p>В ответе запишите четыре числа: в первой строке - сначала целую часть<br>абсолютной величины произведения $P_x \\times 10\\,000$, затем целую часть<br>абсолютной величины произведения $P_y \\times 10\\,000$; во второй<br>строке - сначала целую часть произведения $Q_1 \\times 10\\,000$,<br>затем целую часть произведения $Q_2 \\times 10\\,000$.</p><p>Возможные данные одного из файлов проиллюстрированы графиком.</p><figure class="image image-style-side"><img style="aspect-ratio:1234/774;" src="/media/image_I1XSrct.png" width="1234" height="774"></figure>	38471 61225\r\n142058 25299	2026-02-19 21:32:03+03	ADMIN	27	task_files/Архив.zip	Демоверсия 2026
88	Напишите программу, которая перебирает целые числа, большие $1\\,350\\,050$, и ищет среди них такие, у которых есть натуральный делитель, оканчивающийся на $11$ и не равный ни самому числу, ни числу $11$.\nВ ответе запишите первые пять найденных чисел и соответствующий минимальный делитель.	1350051 311; 1350055 270011; 1350062 511; 1350063 40911; 1350066 225011	2026-02-21 18:49:57.797707+03	ФИПИ	25	\N	\N
89	Напишите программу, которая перебирает целые числа, большие $6\\,651\\,220$, и ищет среди них числа, представленные в виде произведения ровно двух простых множителей, каждый из которых содержит ровно одну цифру $2$.\nВ ответе запишите первые пять найденных чисел и соответствующий наибольший множитель.	6651241 2579; 6651262 3325631; 6651286 3325643; 6651314 3325657; 6651347 289189	2026-02-21 18:49:57.797707+03	ФИПИ	25	\N	\N
90	Пусть $M$ — сумма минимального и максимального простых натуральных делителей числа (не считая самого числа). Если таких делителей нет, то $M = 0$.\nНапишите программу, которая перебирает числа, большие $5\\,400\\,000$, и ищет среди них такие, для которых $M > 60000$ и является палиндромом.\nВ ответе запишите первые пять найденных чисел и соответствующие значения $M$.	5400042 900009; 5400420 90009; 5400866 158851; 5406116 1351531; 5406420 90109	2026-02-21 18:49:57.797707+03	ФИПИ	25	\N	\N
91	Напишите программу, которая перебирает целые числа, большие $1\\,324\\,727$, и ищет среди них числа, представленные в виде произведения ровно двух простых множителей, каждый из которых содержит ровно одну цифру $5$.\nВ ответе запишите первые пять найденных чисел и соответствующий наибольший множитель.	1324795 264959; 1324801 1151; 1324903 2543; 1325015 265003; 1325029 5279	2026-02-21 18:49:57.797707+03	ФИПИ	25	\N	\N
92	Назовём маской числа последовательность цифр, в которой могут встречаться символы:\n«?» — означает ровно одну произвольную цифру;\n«*» — означает любую последовательность цифр произвольной длины (в том числе пустую).\n\nНапример, маске 123*4?5 соответствуют числа 123405 и 12300425.\n\nНайдите все натуральные числа, не превышающие $10^{10}$, которые соответствуют маске 4*4736*1 и делятся на $7993$ без остатка.\nВ ответе запишите найденные числа и соответствующие результаты деления.	4347368721 543897; 4447361151 556407; 4473658121 559697; 4794736931 599867	2026-02-21 18:50:34.04179+03	ФИПИ	25	\N	\N
93	Пусть $R$ — сумма всех различных натуральных делителей числа.\nНапример, для числа 20: $R = 1 + 2 + 4 + 5 + 10 + 20 = 42$.\n\nНапишите программу, которая перебирает числа, большие $500000$, и ищет среди них такие, для которых значение $R$ оканчивается на цифру $6$.\nВ ответе запишите первые пять найденных чисел и соответствующие значения $R$.	500032 1070356; 500035 606816; 500039 501456; 500050 949716; 500052 1333696	2026-02-21 18:50:34.04179+03	ФИПИ	25	\N	\N
87	<p>У исполнителя Калькулятор имеются три команды:&nbsp;</p><p>1 — Прибавь 2&nbsp;</p><p>2 — Прибавь 3&nbsp;</p><p>3 — Умножь на 2.&nbsp;</p><p>Сколько существует программ, для которых при исходном числе $3$ результатом является $25$, при этом траектория вычислений содержит число $10$ и не содержит число $17$?</p>	90	2026-02-21 18:49:57+03	ФИПИ	23		
86	<p>У исполнителя имеются три команды:&nbsp;</p><p>A — Вычесть 1&nbsp;</p><p>B — Вычесть 2&nbsp;</p><p>C — Найти целую часть от деления на 3.&nbsp;</p><p>Сколько существует программ, для которых при исходном числе $16$ результатом является $6$, при этом траектория вычислений содержит число $11$?</p>	64	2026-02-21 18:49:57+03	ФИПИ	23		
8	<p>Все пятибуквенные слова, составленные из букв С, Т, Р, О, К, А, записаны</p><p>в алфавитном порядке и пронумерованы.</p><p>Вот начало списка:</p><p>1. ААААА</p><p>2. ААААК</p><p>3. ААААО</p><p>4. ААААР</p><p>5. ААААС</p><p>6. ААААТ</p><p>……</p><p>Определите, под каким номером в этом списке стоит последнее слово</p><p>с чётным номером, которое не начинается с букв А, С или Т и при этом содержит в своей записи ровно две буквы О.</p><p><i>Примечание</i>. Слово – последовательность идущих подряд букв, не обязательно осмысленная.</p>	5058	2026-02-19 21:32:03+03	ADMIN	8		Демоверсия 2026
7	<p>Виталий фотографирует интересные места и события цифровой камерой своего смартфона. Каждая фотография представляет собой растровое изображение размером 1024×768 пикселей, при этом используется палитра из <span style="background-color:rgb(243,245,246);color:rgb(10,10,10);">$2^{30}$</span> цветов. В конце дня Виталий отправляет снимки друзьям с помощью приложения-мессенджера. Для экономии трафика приложение оцифровывает снимки повторно, используя размер 800×600 пикселей и глубину цвета 28 бит. Сколько Кбайт трафика экономится при передаче 100 фотографий? В ответе укажите целую часть полученного числа.</p>	123937	2026-02-19 21:32:03+03	ADMIN	7		Демоверсия 2026
26	<p>Отдел маркетинга сети магазинов составляет рейтинг продуктов по информации об их сроках хранения с момента изготовления и после вскрытия упаковки. Для каждого продукта известен срок его хранения с момента изготовления и срок годности к употреблению после вскрытия упаковки. Продукты пронумерованы начиная с единицы.</p><p>В рейтинговом списке маркетологи располагают продукты по следующему алгоритму: — все 2N чисел, обозначающих срок хранения и срок годности к употреблению для N продуктов, упорядочивают по возрастанию; — если минимальное число в этом упорядоченном списке — срок хранения, то продукт в рейтинге занимает первое свободное место от его начала; — если минимальное число — срок годности к употреблению, то продукт занимает первое свободное место от конца рейтинга; — если число обозначает срок хранения или срок годности к употреблению уже рассмотренного продукта, то его не принимают во внимание.</p><p>Этот алгоритм применяется последовательно для размещения всех N продуктов.</p><p>Определите номер последнего продукта, для которого будет определено его место в рейтинге, и количество продуктов, которые займут в рейтинге более низкие места.</p><p><strong>Входные данные</strong></p><p>В первой строке входного файла находится натуральное число N (N ≤ 1000) — количество продуктов. Следующие N строк содержат пары чисел, обозначающих соответственно срок хранения продукта с момента изготовления и срок годности к употреблению после вскрытия упаковки (все числа натуральные, различные).</p><p>Запишите в ответе два натуральных числа: сначала номер последнего продукта, для которого будет определено его место в рейтинге, затем — количество продуктов, которые займут в рейтинге более низкие места.</p>	566 444	2026-02-19 21:32:03+03	ADMIN	26		Демоверсия 2026
18	<p>Квадрат N×N (1 &lt; N &lt; 30) разлинован на клетки. Робот перемещается только вправо или вниз, не проходя сквозь стены. В каждой клетке лежит монета от 1 до 100, которую Робот забирает. Маршрут заканчивается в «угловой» клетке, из которой нельзя двигаться ни вправо, ни вниз. Таких конечных клеток может быть несколько.</p><p>Определите максимальную и минимальную суммы среди всех возможных итоговых сумм при движении из левой верхней клетки. В ответе укажите сначала максимальную, затем минимальную. В ответе запишите два числа без разделителей</p>	2362 1205	2026-02-19 21:32:03+03	ADMIN	18		Демоверсия 2026
94	Пусть $M$ — сумма минимального и максимального натуральных делителей числа, не считая $1$ и самого числа.\nЕсли таких делителей нет, считаем $M = 0$.\n\nНапишите программу, которая перебирает числа, большие $700000$, и ищет среди них такие, для которых $M$ оканчивается на $4$.\nВ ответе запишите первые пять найденных чисел и соответствующие значения $M$.	700004 350004; 700009 41194; 700023 233344; 700024 350014; 700044 350024	2026-02-21 18:50:34.04179+03	ФИПИ	25	\N	\N
95	Напишите программу, которая перебирает целые числа, большие $1\\,125\\,000$, и ищет среди них такие, у которых есть натуральный делитель, оканчивающийся на цифру $7$ и не равный ни самому числу, ни числу $7$.\nВ ответе запишите первые пять найденных чисел и соответствующий наименьший делитель.	1125003 467; 1125006 97; 1125009 17; 1125011 3187; 1125012 177	2026-02-21 18:50:34.04179+03	ФИПИ	25	\N	\N
25	<p>Пусть M – сумма минимального и максимального натуральных делителей целого числа, не считая единицы и самого числа. Если таких делителей у числа нет, то значение M признаётся равным нулю. Напишите программу, которая перебирает целые числа, бо́льшие 800 000, в порядке возрастания и ищет среди них такие, для которых M оканчивается на 4. В ответе запишите в первом столбце таблицы первые пять найденных чисел в порядке возрастания, а во втором столбце – соответствующие им значения M.&nbsp;</p><p>Например, для числа 20 М = 2 + 10 = 12.</p><p>В ответе запишите все числа строки в следующем виде:</p><p>например, если получился результат</p><p>8 10</p><p>10 89</p><p>11 7</p><p>то в ответе его следует также записать строго через один пробел с каждой новой строки</p>	800004 400004800009 114294800013 266674800024 400014800033 61554	2026-02-19 21:32:03+03	ADMIN	25		Демоверсия 2026
10	<p>C помощью текстового редактора определите, сколько раз встречается сочетание букв «рук» или «Рук» в составе других слов, но не как отдельное слово, <strong>в тексте глав XIII, XIV и XV</strong> романа И.С. Тургенева «Отцы и дети». В ответе укажите только число.</p>	13	2026-02-19 21:32:03+03	ADMIN	10	task_files/DEMO_10.odt	Демоверсия 2026
12	<p>На ленте в соседних ячейках записана последовательность из 1000 символов, включающая только нули и единицы. Ячейки справа и слева от последовательности заполнены пустыми символами «λ». В начальный момент времени головка расположена в ближайшей ячейке справа от последовательности. Программа работы исполнителя:</p><figure class="image image-style-side"><img style="aspect-ratio:636/138;" src="/media/image_pgInN5K.png" width="636" height="138"></figure><p>После выполнения программы на ленте осталось ровно 343 нуля. Определите максимально возможное число нулей в исходной последовательности.</p>	999	2026-02-19 21:32:03+03	ADMIN	12		Демоверсия 2026
32	По каналу связи передаются сообщения, содержащие только цифры 2, 3, 4, 5 и четыре знака арифметических действий (+, -, ×, /). Для передачи используется двоичный код, удовлетворяющий условию Фано. Кодовые слова для цифр известны.\n2 — 000\n3 — 010\n4 — 100\n5 — 101\nКакое наименьшее количество двоичных знаков требуется для кодирования четырёх знаков арифметических действий?\nВ ответе запишите суммарную длину кодовых слов для знаков арифметических действий.\nПримечание. Условие Фано означает, что никакое кодовое слово не является началом другого кодового слова.	12	2026-02-21 18:46:34.588499+03	ФИПИ	4	\N	\N
33	По каналу связи передаются сообщения, содержащие только восемь букв: А, В, Е, Л, Н, О, С, Я. Для передачи используется двоичный код, удовлетворяющий условию Фано. Кодовые слова для некоторых букв известны:\nВ — 10\nЛ — 01\nС — 0001\nЯ — 111\nДля букв А, Е, Н, О кодовые слова неизвестны.\nКакое наименьшее количество двоичных знаков требуется для кодирования слова ВСЕЛЕННАЯ?\nПримечание. Условие Фано означает, что никакое кодовое слово не является началом другого.	28	2026-02-21 18:46:34.588499+03	ФИПИ	4	\N	\N
34	По каналу связи передаются сообщения, содержащие только четыре буквы: А, Б, В, Г. Используется двоичный код, удовлетворяющий условию Фано.\nА — 0\nБ — 1100\nВ — 1000\nУкажите кратчайшее кодовое слово для буквы Г, при котором код допускает однозначное декодирование. Если таких слов несколько, укажите код с наибольшим числовым значением.	111	2026-02-21 18:46:34.588499+03	ФИПИ	4	\N	\N
35	По каналу связи передаются сообщения, содержащие только буквы Б, К, Р, О, Н. Используется двоичный код, удовлетворяющий условию Фано.\nБ — 10\nН — 110\nР — 000\nКодовые слова для К и О неизвестны.\nКакое количество двоичных знаков требуется для кодирования слова КОРОБОК, если известно, что оно закодировано минимально возможным количеством двоичных знаков?	17	2026-02-21 18:46:34.588499+03	ФИПИ	4	\N	\N
40	Прибор делает цветные фотографии размером 1024×960 пикселей, палитра 16384 цветов. Снимки группируются по 400 штук.\nОпределите размер одного пакета фотографий в Мбайт. В ответе укажите целую часть.	656	2026-02-21 18:46:34.588499+03	ФИПИ	7	\N	\N
37	<p>На вход алгоритма подаётся натуральное число N.&nbsp;</p><p>1. Строится троичная запись числа N.&nbsp;</p><p>2. Если N делится на 3, к записи дописываются две последние троичные цифры.&nbsp;</p><p>Если не делится, остаток от деления умножается на 3, переводится в троичную систему и дописывается справа.&nbsp;</p><p>Полученная запись является троичной записью числа R.&nbsp;</p><p>Укажите максимальное число N, после обработки которого получается число, не превышающее 150.</p>	16	2026-02-21 18:46:34+03	ФИПИ	5		
38	<p>На вход алгоритма подаётся натуральное число N.&nbsp;</p><p>1. Строится двоичная запись числа N.&nbsp;</p><p>2. Складываются все цифры записи, остаток от деления суммы на 2 дописывается справа. Затем снова выполняется дописывание остатка от деления суммы цифр на&nbsp;</p><p>2. Полученная запись является двоичной записью числа R.&nbsp;</p><p>Укажите наименьшее число N, для которого результат больше 85.</p>	21	2026-02-21 18:46:34+03	ФИПИ	5		
39	<p>Исполнитель Черепаха действует на координатной плоскости.&nbsp;</p><p>Повтори 6 [Вперёд 33 Направо 90 Вперёд 20 Направо 90]&nbsp;</p><p>Поднять хвост&nbsp;</p><p>Вперёд 3 Направо 90 Вперёд 9 Налево 90&nbsp;</p><p>Опустить хвост&nbsp;</p><p>Повтори 6 [Вперёд 24 Направо 90 Вперёд 25 Направо 90]&nbsp;</p><p>Определите, сколько точек с целочисленными координатами находится внутри пересечения фигур. Точки на границах не учитывать.</p>	230	2026-02-21 18:46:34+03	ФИПИ	6		
9	<p>Откройте файл электронной таблицы, содержащей в каждой строке семь натуральных чисел. Определите сумму чисел в строке с наибольшим номером, для которой выполнены оба условия:</p><p>– в строке есть одно число, которое повторяется трижды, остальные четыре</p><p>числа различны;</p><p>– среднее арифметическое неповторяющихся чисел строки не больше</p><p>повторяющегося числа.</p><p>В ответе запишите только число.</p>	901	2026-02-19 21:32:03+03	ADMIN	9	task_files/DEMO_9.ods	Демоверсия 2026
41	Все шестибуквенные слова из букв Г, Р, А, Н, И, Т записаны в алфавитном порядке и пронумерованы.\nОпределите номер первого слова с нечётным номером, которое не начинается с букв А, И или Г и содержит ровно одну букву А.	23589	2026-02-21 18:46:34.588499+03	ФИПИ	8	\N	\N
42	Игорь составляет таблицу кодовых слов для передачи сообщений. Каждому сообщению соответствует своё кодовое слово. Используются 6-буквенные слова из букв М, А, С, Л, О, причём буква С встречается ровно 1 раз. Слово не должно начинаться с гласной буквы и оканчиваться согласной.\nСколько различных кодовых слов может использовать Игорь?	1536	2026-02-21 18:47:12.211978+03	ФИПИ	8	\N	\N
43	Сколько существует десятичных четырёхзначных чисел, в которых все цифры различны и никакие две чётные или две нечётные цифры не стоят рядом?	720	2026-02-21 18:47:12.211978+03	ФИПИ	8	\N	\N
44	Все шестибуквенные слова, в составе которых могут быть только буквы П, О, Б, Е, Д, А, записаны в алфавитном порядке и пронумерованы начиная с 1.\nОпределите последний чётный номер слова, которое начинается с буквы О и в котором каждая буква встречается ровно один раз.	38306	2026-02-21 18:47:12.211978+03	ФИПИ	8	\N	\N
45	Виктор составляет таблицу кодовых слов. Используются 5-буквенные слова из букв Д, Г, И, А, Ш, Э. Слово не должно начинаться с гласной и не должно заканчиваться согласной.\nСколько различных кодовых слов может использовать Виктор?	1944	2026-02-21 18:47:12.211978+03	ФИПИ	8	\N	\N
46	Все пятибуквенные слова из букв Я, Н, В, А, Р, Ь записаны в алфавитном порядке и пронумерованы начиная с 1.\nПод каким номером идёт последнее слово, которое не начинается с буквы Я, содержит не более одной буквы Ь и не содержит букв Я, стоящих рядом?	6406	2026-02-21 18:47:12.211978+03	ФИПИ	8	\N	\N
47	Сколько существует чисел, девятеричная запись которых состоит из пяти цифр, содержит ровно один ноль, причём ни одна нечётная цифра не стоит рядом с нулём?	5120	2026-02-21 18:47:12.211978+03	ФИПИ	8	\N	\N
15	<p>На числовой прямой даны два отрезка: $P = [25;\\, 64]$ и $Q = [40;\\, 115]$.<br>Укажите наименьшую возможную длину такого отрезка $A$, что логическое выражение истинно (т.\\,е. принимает значение 1) при любом значении переменной x.</p><figure class="image"><img style="aspect-ratio:870/90;" src="/media/image_0YTQCYY.png" width="870" height="90"></figure>	24	2026-02-19 21:32:03+03	ADMIN	15		Демоверсия 2026
1	<p>На рисунке схема дорог N-ского района изображена в виде графа, в таблице содержатся сведения о протяжённости каждой их этих дорог (в километрах). Так как таблицу и схему рисовали независимо друг от друга, нумерация населённых пунктов в таблице никак не связана с буквенными обозначениями на графе. Определите, какова сумма протяжённостей дорог из пункта А в пункт D и и з пункта В в пункт Е. В ответе запишите целое число.</p><figure class="image image-style-side"><img style="aspect-ratio:1376/562;" src="/media/image_OnEi1d6.png" width="1376" height="562"></figure>	52	2026-02-19 21:32:03+03	ADMIN	1		Демоверсия 2026
48	Все шестибуквенные слова, составленные из букв М, А, Н, Г, У, С, Т, записаны в алфавитном порядке и пронумерованы.\nПод каким номером стоит последнее слово, которое не начинается с буквы У, содержит только две буквы М и не более одной буквы Г?	100810	2026-02-21 18:47:12.211978+03	ФИПИ	8	\N	\N
49	Все пятибуквенные слова, составленные из букв К, О, М, П, Ь, Ю, Т, Е, Р, записаны в алфавитном порядке и пронумерованы.\nПод каким номером стоит последнее слово с нечётным номером, которое не начинается с буквы Ь и содержит ровно две буквы К?	58979	2026-02-21 18:47:12.211978+03	ФИПИ	8	\N	\N
50	На предприятии каждой изготовленной детали присваивают серийный номер из 105 символов. Используется посимвольное кодирование, все символы кодируются одинаковым минимально возможным числом бит. Для хранения 65 536 номеров потребовалось не менее 7 Мбайт памяти.\nОпределите минимально возможную мощность алфавита.	257	2026-02-21 18:47:12.211978+03	ФИПИ	11	\N	\N
51	На предприятии каждой изготовленной детали присваивают серийный номер из 150 символов. Используется посимвольное кодирование. Для хранения 990 200 номеров доступно не более 230 Мбайт памяти.\nОпределите максимально возможную мощность алфавита.	4096	2026-02-21 18:47:12.211978+03	ФИПИ	11	\N	\N
52	На предприятии каждой изготовленной детали присваивают серийный номер, состоящий из 119 символов. В базе данных для хранения каждого серийного номера отведено одинаковое и минимально возможное число байт. Используется посимвольное кодирование, все символы кодируются одинаковым минимально возможным числом бит. Известно, что 125 300 серийных номеров занимают более 23 Мбайт памяти.\nОпределите минимально возможную мощность алфавита.	4097	2026-02-21 18:47:50.085848+03	ФИПИ	11	\N	\N
53	На предприятии каждой изготовленной детали присваивают серийный номер, состоящий из 246 символов. Используется посимвольное кодирование. Для хранения 703 569 серийных номеров доступно не более 77 Мбайт памяти.\nОпределите максимально возможную мощность алфавита.	8	2026-02-21 18:47:50.085848+03	ФИПИ	11	\N	\N
54	На предприятии каждой изготовленной детали присваивают серийный номер, состоящий из 257 символов. Используется посимвольное кодирование. Для хранения 295 740 серийных номеров отведено не более 33 Мбайт памяти.\nОпределите максимально возможную мощность алфавита.	8	2026-02-21 18:47:50.085848+03	ФИПИ	11	\N	\N
55	На предприятии каждой изготовленной детали присваивается серийный номер, состоящий из 377 символов. Используется посимвольное кодирование. Для хранения 23 155 серийных номеров требуется более 5536 Кбайт памяти.\nОпределите минимально возможную мощность алфавита.	33	2026-02-21 18:47:50.085848+03	ФИПИ	11	\N	\N
56	На предприятии каждой изготовленной детали присваивают серийный номер, содержащий десятичные цифры, 52 латинские буквы (с учётом регистра) и символы из 963-символьного специального алфавита. Используется посимвольное кодирование. Для хранения 2000 серийных номеров отведено не более 693 Кбайт памяти.\nОпределите максимально возможную длину серийного номера.	257	2026-02-21 18:47:50.085848+03	ФИПИ	11	\N	\N
57	На предприятии каждой изготовленной детали присваивается серийный номер, содержащий десятичные цифры и символы из 2030-символьного специального алфавита. Используется посимвольное кодирование. Для хранения 318 серийных номеров отведено более 67 Кбайт памяти.\nОпределите минимально возможную длину серийного номера.	157	2026-02-21 18:47:50.085848+03	ФИПИ	11	\N	\N
58	На предприятии каждой изготовленной детали присваивается серийный номер, содержащий десятичные цифры, 26 латинских букв (без учёта регистра) и символы из 450-символьного специального алфавита. Используется посимвольное кодирование. Для хранения 708 серийных номеров отведено более 213 Кбайт памяти.\nОпределите минимально возможную длину серийного номера.	274	2026-02-21 18:47:50.085848+03	ФИПИ	11	\N	\N
59	На предприятии каждой изготовленной детали присваивают серийный номер, содержащий десятичные цифры, 52 латинские буквы (с учётом регистра) и символы из 458-символьного специального алфавита. Используется посимвольное кодирование. Для хранения 862 серийных номеров отведено не более 276 Кбайт памяти.\nОпределите максимально возможную длину серийного номера.	261	2026-02-21 18:47:50.085848+03	ФИПИ	11	\N	\N
16	<p>Алгоритм вычисления функций $F(n)$ и $G(n)$, где $n$ — целое число,<br>задан следующими соотношениями:</p><figure class="image image-style-side"><img style="aspect-ratio:640/230;" src="/media/image_4JttcZS.png" width="640" height="230"></figure><p><br>Чему равно значение выражения $F(15\\,548)$?</p>	15588	2026-02-19 21:32:03+03	ADMIN	16		Демоверсия 2026
60	При регистрации в компьютерной системе каждому пользователю выдаётся пароль, состоящий из 10 символов. Используются прописные и строчные буквы латинского алфавита (52 символа). Для хранения каждого пароля отведено минимально возможное целое число байт. Определите объём памяти (в Кбайтах), необходимый для хранения данных о 65 536 пользователях.	512	2026-02-21 18:47:50.085848+03	ФИПИ	11	\N	\N
61	При регистрации в компьютерной системе каждому объекту присваивается идентификатор, состоящий из 252 символов и содержащий только десятичные цифры и символы из 1700-символьного специального алфавита. Используется посимвольное кодирование. Определите объём памяти (в Кбайтах), необходимый для хранения 4096 идентификаторов.	1388	2026-02-21 18:47:50.085848+03	ФИПИ	11	\N	\N
62	В терминологии сетей TCP/IP маской сети называют двоичное число, которое показывает, какая часть IP-адреса относится к адресу сети. Сеть задана IP-адресом 190.202.83.62 и маской 255.255.252.0.\nНайдите наибольший IP-адрес данной сети, который может быть назначен компьютеру. В ответе укажите сумму числовых значений октетов.	729	2026-02-21 18:48:48.942717+03	ФИПИ	13	\N	\N
63	Сеть задана IP-адресом 139.190.87.229 и маской 255.255.248.0.\nОпределите наибольший IP-адрес данной сети, который может быть присвоен компьютеру. В ответе укажите IP без разделителей.	13919087254	2026-02-21 18:48:48.942717+03	ФИПИ	13	\N	\N
64	Сеть задана IP-адресом 11.92.135.56 и маской 255.224.0.0.\nОпределите наибольший IP-адрес данной сети, который может быть присвоен компьютеру. Ответ укажите без разделителей.	1195255254	2026-02-21 18:48:48.942717+03	ФИПИ	13	\N	\N
19	<p>Два игрока, Петя и Ваня, играют в следующую игру. Перед игроками лежит куча камней. Игроки ходят по очереди, первый ход делает Петя. За один ход игрок может:&nbsp;</p><p>– убрать из кучи 3 камня;&nbsp;</p><p>– убрать из кучи 5 камней;&nbsp;</p><p>– уменьшить количество камней в куче в 4 раза (количество камней, полученное при делении, округляется до меньшего).&nbsp;</p><p>Например, из кучи в 20 камней за один ход можно получить кучу из 17, 15 или 5 камней. Игра завершается, когда количество камней в куче становится не более 30. Победителем считается игрок, сделавший последний ход, то есть первым получивший кучу из 30 или менее камней. В начальный момент в куче было S камней, S ≥ 31. Будем говорить, что игрок имеет выигрышную стратегию, если он может выиграть при любых ходах противника. Укажите минимальное значение S, при котором Петя не может выиграть за один ход, но при любом ходе Пети Ваня может выиграть своим первым ходом</p><p>&nbsp;</p><p>Для игры, описанной в задании 19, найдите два наименьших значения S, при которых у Пети есть выигрышная стратегия, причём одновременно выполняются два условия: – Петя не может выиграть за один ход; – Петя может выиграть своим вторым ходом независимо от того, как будет ходить Ваня. Найденные значения запишите в ответе в порядке возрастания</p><p>&nbsp;</p><p>Для игры, описанной в задании 19, найдите минимальное значение S, при котором одновременно выполняются два условия: – у Вани есть выигрышная стратегия, позволяющая ему выиграть первым или вторым ходом при любой игре Пети; – у Вани нет стратегии, которая позволит ему гарантированно выиграть первым ходом.</p><p>&nbsp;</p><p><strong>Все ответы запишите подряд без разделителей</strong></p>	124\r\n127 128\r\n132	2026-02-19 21:32:03+03	ADMIN	19		Демоверсия 2026
65	Сеть задана IP-адресом 143.168.72.213 и маской 255.255.255.240.\nОпределите наибольший IP-адрес данной сети, который может быть присвоен компьютеру. Ответ укажите без разделителей.	14316872222	2026-02-21 18:48:48.942717+03	ФИПИ	13	\N	\N
66	Сеть задана IP-адресом 218.194.82.148 и маской 255.255.255.192.\nНайдите наибольший IP-адрес данной сети, который может быть назначен компьютеру. Ответ укажите без разделителей.	21819482190	2026-02-21 18:48:48.942717+03	ФИПИ	13	\N	\N
67	Сеть задана IP-адресом 115.198.0.0 и маской 255.254.0.0.\nСколько в этой сети IP-адресов, для которых количество единиц в двоичной записи IP-адреса кратно 5?	24786	2026-02-21 18:48:48.942717+03	ФИПИ	13	\N	\N
68	Сеть задана IP-адресом 106.184.0.0 и маской 255.248.0.0.\nСколько в этой сети IP-адресов, для которых сумма единиц в двоичной записи IP-адреса не кратна 2?	262144	2026-02-21 18:48:48.942717+03	ФИПИ	13	\N	\N
11	<p>На предприятии каждой изготовленной детали присваивают серийный номер, состоящий из 2783 символов. В базе данных каждый серийный номер занимает одинаковое и минимально возможное целое число байт. При этом используется посимвольное кодирование серийных номеров, все символы кодируются одинаковым и минимально возможным целым числом бит. Известно, что для хранения 3 845 627 серийных номеров требуется не менее 11 Гбайт памяти. Определите минимально возможную мощность алфавита, используемого для записи серийных номеров. В ответе запишите только целое число.</p>	257	2026-02-19 21:32:03+03	ADMIN	11		Демоверсия 2026
2	<p>Миша заполнял таблицу истинности логической функции $F$</p><figure class="image image-style-side image_resized" style="width:55.35%;"><img style="aspect-ratio:482/82;" src="/media/image_17Akwpd.png" width="482" height="82"></figure><p>но успел заполнить лишь фрагмент из трёх различных её строк, даже не указав, какому столбцу таблицы соответствует каждая из переменных $w$, $x$, $y$, $z$. Определите, какому столбцу таблицы соответствует каждая из переменных</p><figure class="image image-style-side"><img style="aspect-ratio:451/95;" src="/media/image_Lc1HCyg.png" width="451" height="95"></figure>	zyxw	2026-02-19 21:32:03+03	ADMIN	2		Демоверсия 2026
69	Значение арифметического выражения\n$3 \\cdot 27^{9} + 2 \\cdot 27^{6} + 27^{3} - x$,\nгде $x$ — целое положительное число, не превышающее $27000$, записали в $27$-ричной системе счисления.\nОпределите наименьшее значение $x$, при котором в записи содержится ровно $6$ нулей.\nВ ответе запишите число в десятичной системе счисления.	27	2026-02-21 18:48:48.942717+03	ФИПИ	14	\N	\N
70	Значение арифметического выражения\n$4^{210} + 4^{110} - x$,\nгде $x$ — целое положительное число, не превышающее $3000$, записали в четверичной системе счисления.\nОпределите наименьшее значение $x$, при котором в записи содержится наибольшее количество нулей.\nВ ответе запишите число в десятичной системе счисления.	1024	2026-02-21 18:48:48.942717+03	ФИПИ	14	\N	\N
71	Значение арифметического выражения\n$7^{350} + 7^{150} - x$,\nгде $x$ — целое положительное число, не превышающее $2300$, записали в семеричной системе счисления.\nОпределите наибольшее значение $x$, при котором в записи содержится ровно $200$ нулей.\nВ ответе запишите число в десятичной системе счисления.	2001	2026-02-21 18:48:48.942717+03	ФИПИ	14	\N	\N
22	<p>В файле хранится информация о N вычислительных процессах, которые могут выполняться параллельно или последовательно. Приостановка не допускается. Процесс B зависит от процесса A, если ему нужны результаты A — тогда они выполняются только последовательно.</p><p>Формат файла — таблица: столбец 1 — ID процесса, столбец 2 — время выполнения (мс), столбец 3 — ID процессов-зависимостей через «;» (0, если процесс независимый).</p><p>Определите максимальное количество процессов, завершённых за первые 17 мс. Каждый процесс стартует в самое раннее допустимое время. Нумерация миллисекунд начинается с 1.</p><figure class="image image-style-side"><img style="aspect-ratio:1096/526;" src="/media/image_e0D5oR8.png" width="1096" height="526"></figure>	12	2026-02-19 21:32:03+03	ADMIN	22		Демоверсия 2026
23	<p>Исполнитель преобразует число на экране. У исполнителя есть три команды, которые обозначены латинскими буквами:&nbsp;</p><p><strong>A. Вычесть 1&nbsp;</strong></p><p><strong>B. Вычесть 4&nbsp;</strong></p><p><strong>C. Найти целую часть от деления на 3&nbsp;</strong></p><p>Программа для исполнителя – это последовательность команд. Сколько существует программ, для которых при исходном числе 19 результатом является 2, при этом траектория вычислений не содержит числа 7 и содержит 13?</p>	68	2026-02-19 21:32:03+03	ADMIN	23		Демоверсия 2026
14	<p>Значение арифметического выражения<br>$<br>2 \\cdot 2187^{2020} + 729^{2021} - 2 \\cdot 243^{2022} + 81^{2023} - 2 \\cdot 27^{2024} - 6561<br>$<br>записали в системе счисления с основанием 27. Определите в 27-ричной<br>записи числа количество цифр с числовым значением, превышающим~9.</p>	3367	2026-02-19 21:32:03+03	ADMIN	14		Демоверсия 2026
6	<p>Исполнитель Черепаха действует на плоскости с декартовой системой координат. В начальный момент Черепаха находится в начале координат, её голова направлена вдоль положительного направления оси ординат, хвост опущен.</p><p>&nbsp;</p><p>Черепахе был дан для исполнения следующий алгоритм.&nbsp;</p><p><strong>Повтори 2 [Вперёд 14 Налево 270 Назад 12 Направо 90]&nbsp;</strong></p><p><strong>Поднять хвост&nbsp;</strong></p><p><strong>Вперёд 9 Направо 90 Назад 7 Налево 90&nbsp;</strong></p><p><strong>Опустить хвост&nbsp;</strong></p><p><strong>Повтори 2 [Вперёд 13 Направо 90 Вперёд 6 Направо 90]&nbsp;</strong></p><p>Определите, сколько точек с целочисленными координатами находятся внутри объединения фигур, ограниченного заданными алгоритмом линиями, включая точки на линия</p>	251	2026-02-19 21:32:03+03	ADMIN	6		Демоверсия 2026
3	<p>В файле приведён фрагмент базы данных «Молочные продукты» о поставках товаров в магазины районов города. База данных состоит из трёх таблиц.</p><p>Таблица «Движение товаров» содержит записи о поставках товаров в магазины в течение октября 2024 г., а также информацию о проданных товарах. Поле Тип операции содержит значение Поступление или Продажа, а в соответствующее поле Количество упаковок, шт. внесена информация о том, сколько упаковок товара поступило в магазин или было продано в течение дня.</p>	133228	2026-02-19 21:32:03+03	ADMIN	3	task_files/DEMO_3.ods	Демоверсия 2026
4	<p>По каналу связи передаются сообщения, содержащие только буквы А, Б, В, Г, Д, Е, Ж и З. Для передачи используется двоичный код, удовлетворяющий условию Фано. Кодовые слова для некоторых букв известны.&nbsp;</p><p>Е - 10&nbsp;</p><p>Ж - 010&nbsp;</p><p>З - 011&nbsp;</p><p>Д - 11&nbsp;</p><p>Какое наименьшее количество двоичных знаков требуется для кодирования оставшихся букв? В ответе запишите суммарную длину кодовых слов для букв: А, Б, В, Г. Примечание. Условие Фано означает, что никакое кодовое слово не является началом другого кодового слова. Это обеспечивает возможность однозначной расшифровки закодированных сообщений</p>	16	2026-02-19 21:32:03+03	ADMIN	4		Демоверсия 2026
5	<p>На вход алгоритма подаётся натуральное число N. Алгоритм строит по нему новое число R следующим образом.&nbsp;</p><p>1. Строится двоичная запись числа N.&nbsp;</p><p>2. Далее эта запись обрабатывается по следующему правилу:&nbsp;</p><p>а) если число N делится на 3, то к этой записи дописываются её три последние двоичные цифры;&nbsp;</p><p>б) если число N на 3 не делится, то остаток от деления умножается на 3, переводится в двоичную запись и дописывается в конец числа. Полученная таким образом запись является двоичной записью искомого числа R.&nbsp;</p><p>3. Результат переводится в десятичную систему и выводится на экран.&nbsp;</p><p><i>Например</i>, для исходного числа 1210 = 11002 результатом является число 11001002 = 10010, а для исходного числа 410 = 1002 это число 100112 = 1910. Укажите <strong>минимальное</strong> число N, после обработки которого с помощью этого алгоритма получается число R, не меньшее 200</p>	26	2026-02-19 21:32:03+03	ADMIN	5		Демоверсия 2026
28	<p>Музыкальный фрагмент был записан в формате моно, оцифрован и сохранён в виде файла без сжатия данных. Размер полученного файла − 35 Мбайт. Затем тот же музыкальный фрагмент был записан повторно в формате стерео (двухканальная запись) с частотой дискретизации в 3,5 раза больше, чем в первый раз. Сжатие данных не производилось. Укажите размер файла в Мбайт, полученного при повторной записи. В ответе запишите только целое число, единицу измерения писать не нужно.</p>	245	2026-02-19 22:31:06+03	ADMIN	7		
13	<p style="margin-left:0px;">В терминологии сетей TCP/IP маской сети называют двоичное число, которое показывает, какая часть IP-адреса узла сети относится к адресу сети, а какая — к адресу узла в этой сети. Адрес сети получается в результате применения поразрядной конъюнкции к заданному адресу узла и его маске.</p><p style="margin-left:0px;">Широковещательным адресом называется специализированный адрес, в котором на месте нулей в маске стоят единицы. Адрес сети и широковещательный адрес не могут быть использованы для адресации сетевых устройств.</p><p>&nbsp;</p><p style="margin-left:0px;">Сеть задана IP-адресом одного из входящих в неё узлов 191.128.66.83 и сетевой маской 255.192.0.0.</p><p style="margin-left:0px;">Найдите в данной сети наибольший IP-адрес, который может быть назначен компьютеру.</p><p style="margin-left:0px;">В ответе укажите найденный IP-адрес без разделителей.</p><p style="margin-left:0px;">Например, если бы найденный адрес был равен <code>111.22.3.44</code>, то в ответе следовало бы записать: <code>11122344</code>.</p>	191191255254	2026-02-19 21:32:03+03	ADMIN	13		Демоверсия 2026
29	<p>Операнды арифметического выражения записаны в системе счисления<br>с основанием 29.<br>$$<br>923x874_{29} + 524x6152_{29}<br>$$<br>В записи чисел переменной $x$ обозначена неизвестная цифра из алфавита<br>29-ричной системы счисления. Определите наибольшее значение~$x$,<br>при котором значение данного арифметического выражения кратно 28.<br>Для найденного $x$ вычислите частное от деления значения арифметического<br>выражения на 28 и укажите его в ответе в десятичной системе счисления.<br>Основание системы счисления указывать не нужно.</p>	3319197720	2026-02-19 22:38:37+03	ADMIN	14		Демоверсия 2026
30	<p>Значение арифметического выражения $9 \\cdot 11^{210} + 8 \\cdot 11^{150} - x$,<br>где $x$ — целое положительное число, не превышающее 3000, записали<br>в 11-ричной системе счисления. Определите наибольшее значение~$x$,<br>при котором в 11-ричной записи числа, являющегося значением данного<br>арифметического выражения, содержится ровно 60 нулей.</p><p>В ответе запишите число в десятичной системе счисления.</p>	2992	2026-02-19 22:39:29+03	ADMIN	14		Демоверсия 2026
24	<p>Текстовый файл состоит из десятичных цифр и заглавных букв латинского алфавита. Определите в прилагаемом файле максимальное количество идущих подряд символов, среди которых подстрока 2025 встречается не менее 90 раз и при этом содержится ровно 80 букв Y. В ответе запишите число – количество символов в найденной последовательности. Для выполнения этого задания следует написать программу.</p>	2981	2026-02-19 21:32:03+03	ADMIN	24	task_files/DEMO_24.txt	Демоверсия 2026
72	Значение арифметического выражения\n$3 \\cdot 3^{1258} + 2 \\cdot 6^{257} - 4 \\cdot 6^{256} + 3 \\cdot 12^{55} - 5 \\cdot 25^{4} - 2025$\nзаписали в системе счисления с основанием $25$.\nСколько значащих нулей содержится в этой записи?	10	2026-02-21 18:49:21.009232+03	ФИПИ	14	\N	\N
17	<p>В файле содержится последовательность натуральных чисел. Её элементы могут принимать целые значения от 1 до 100 000 включительно. Определите количество пар последовательности, в которых только один из элементов является двузначным числом, а сумма элементов пары кратна минимальному двузначному элементу последовательности. В ответе запишите количество найденных пар, затем максимальную из сумм элементов таких пар. В данной задаче под парой подразумевается два идущих подряд элемента последовательности. В ответе необходимо записать два числа без пробелов</p>	1509930	2026-02-19 21:32:03+03	ADMIN	17	task_files/DEMO_17.txt	Демоверсия 2026
73	Значение арифметического выражения\n$6^{2030} + 6^{100} - x$,\nгде $x$ — целое положительное число, не превышающее $2030$, записали в шестиричной системе счисления.\nОпределите наибольшее количество нулей, которое может содержать запись этого числа.	1934	2026-02-21 18:49:21.009232+03	ФИПИ	14	\N	\N
74	Значение арифметического выражения\n$6^{260} + 6^{160} + 6^{60} - x$,\nгде $x$ — целое положительное число, не превышающее $2030$, записали в шестиричной системе счисления.\nОпределите наименьшее значение $x$, при котором количество нулей в записи равно $202$.\nОтвет запишите в десятичной системе счисления.	216	2026-02-21 18:49:21.009232+03	ФИПИ	14	\N	\N
31	<p>Назовём маской числа последовательность цифр, в которой также могут встречаться следующие символы: – символ «?» означает ровно одну произвольную цифру; – символ «*» означает любую последовательность цифр произвольной длины; в том числе «*» может задавать и пустую последовательность. Например, маске 123*4?5 соответствуют числа 123405 и 12300405. Среди натуральных чисел, не превышающих 1010, найдите все числа, соответствующие маске 3?12?14*5, делящиеся на 1917 без остатка. В ответе запишите в первом столбце таблицы все найденные числа в порядке возрастания, а во втором столбце – соответствующие им результаты деления этих чисел на 1917</p>	351261495 183235\r\n3212614035 1675855\r\n3412614645 1780185\r\n3712414275 1936575\r\n3912414885 2040905	2026-02-19 22:53:35+03	ADMIN	25		Демоверсия 2026
75	Значение арифметического выражения\n$3^{100} - x$,\nгде $x$ — целое положительное число, не превышающее $2030$, записали в троичной системе счисления.\nОпределите наибольшее значение $x$, при котором в записи содержится ровно пять нулей.\nОтвет запишите в десятичной системе счисления.	2024	2026-02-21 18:49:21.009232+03	ФИПИ	14	\N	\N
76	Операнды арифметического выражения записаны в системе счисления с основанием $19$:\n$98x7964_{19} + 36x14_{19} + 73x4_{19}$.\nВ записи чисел переменной $x$ обозначена неизвестная цифра.\nОпределите наибольшее значение $x$, при котором значение выражения кратно $18$.\nДля найденного значения $x$ вычислите частное от деления значения выражения на $18$.\nОтвет запишите в десятичной системе счисления.	470402599	2026-02-21 18:49:21.009232+03	ФИПИ	14	\N	\N
77	Значение выражения\n$4 \\cdot 6^{251920} + 4 \\cdot 12^{51930} - 4 \\cdot 25^{1940} - 3 \\cdot 5^{1950} - 1960$\nзаписали в системе счисления с основанием $5$.\nОпределите количество значащих нулей в этой записи.	1891	2026-02-21 18:49:21.009232+03	ФИПИ	14	\N	\N
85	<p>У исполнителя имеются три команды:&nbsp;</p><p>A — Прибавить 1&nbsp;</p><p>B — Прибавить 2</p><p>&nbsp;C — Прибавить 3.&nbsp;</p><p>Сколько существует программ, для которых при исходном числе $5$ результатом является $11$, при этом траектория вычислений содержит число $7$?</p>	14	2026-02-21 18:49:57+03	ФИПИ	23		
84	<p>У исполнителя имеются две команды:&nbsp;</p><p>A — Вычесть 2&nbsp;</p><p>B — Найти целую часть от деления на 2.&nbsp;</p><p>Сколько существует программ, для которых при исходном числе $38$ результатом является $2$, при этом траектория вычислений содержит число $16$?</p>	36	2026-02-21 18:49:57+03	ФИПИ	23		
83	<p>У исполнителя имеются три команды:&nbsp;</p><p>A — Вычти 1&nbsp;</p><p>B — Вычти 6&nbsp;</p><p>C — Найди целую часть от деления на 2.&nbsp;</p><p>Сколько существует программ, которые исходное число $34$ преобразуют в число $6$, при этом траектория вычислений содержит числа $19$ и $29$ и не содержит число $24$?</p>	115	2026-02-21 18:49:57+03	ФИПИ	23		
82	<p>У исполнителя имеются три команды:&nbsp;</p><p>A — Прибавь 3&nbsp;</p><p>B — Прибавь 7&nbsp;</p><p>C — Умножь на 3.&nbsp;</p><p>Сколько существует программ, которые исходное число $12$ преобразуют в $89$, при этом траектория вычислений содержит числа $40$ и $72$ и не содержит число $56$?</p>	324	2026-02-21 18:49:57+03	ФИПИ	23		
81	<p>У исполнителя имеются три команды:</p><p>A — Прибавь 1&nbsp;</p><p>B — Умножь на 2&nbsp;</p><p>C — Умножь на 3.&nbsp;</p><p>Сколько существует программ, которые исходное число $1$ преобразуют в $26$, при этом траектория вычислений содержит число $14$ и не содержит число $9$?</p>	30	2026-02-21 18:49:21+03	ФИПИ	23		
80	<p>У исполнителя имеются три команды:&nbsp;</p><p>A — Вычесть 1&nbsp;</p><p>B — Вычесть 2&nbsp;</p><p>C — Найти целую часть от деления на 3.&nbsp;</p><p>Сколько существует программ, для которых при исходном числе $19$ результатом является $4$, при этом траектория вычислений содержит число $6$ и не содержит $13$?</p>	212	2026-02-21 18:49:21+03	ФИПИ	23		
79	<p>У исполнителя имеются три команды:&nbsp;</p><p>A — Вычесть 1&nbsp;</p><p>B — Вычесть 4&nbsp;</p><p>C — Найти целую часть от деления на 3.&nbsp;</p><p>Сколько существует программ, для которых при исходном числе $19$ результатом является $2$, при этом траектория вычислений не содержит число $8$ и содержит число $14$?</p>	69	2026-02-21 18:49:21+03	ФИПИ	23		
97	Пусть $M$ — сумма минимального и максимального натуральных делителей числа, не считая $1$ и самого числа.\nЕсли таких делителей нет, значение $M$ считается равным $0$.\n\nНапишите программу, которая перебирает числа, большие $800000$, и ищет среди них такие, для которых $M$ оканчивается на $4$.\nВ ответе запишите первые пять найденных чисел и соответствующие значения $M$.	800004 400004; 800009 114294; 800013 266674; 800024 400014; 800033 61554	2026-02-21 18:50:34.04179+03	ФИПИ	25	\N	\N
96	<p>Назовём маской числа последовательность цифр, в которой могут встречаться символы: «?» — означает ровно одну произвольную цифру; «*» — означает любую последовательность цифр произвольной длины (в том числе пустую). Найдите среди натуральных чисел, не превышающих $10^{10}$, все числа, соответствующие маске 54?1?3*7 и делящиеся на $18579$ без остатка. В ответе запишите найденные числа и соответствующие результаты деления.</p>	5421036357 291783\r\n5451134337 293403\r\n5461538577 293963\r\n5481232317 295023\r\n5491636557 295583	2026-02-21 18:50:34+03	ФИПИ	25		
78	<p>У исполнителя имеются три команды:&nbsp;</p><p>A — Вычесть 3&nbsp;</p><p>B — Вычесть 6&nbsp;</p><p>C — Найти целую часть от деления на 2.&nbsp;</p><p>Сколько существует программ, для которых при исходном числе $86$ результатом является $12$, при этом траектория вычислений не содержит число $36$ и содержит число $53$?</p>	144	2026-02-21 18:49:21+03	ФИПИ	23		
36	<p>На вход алгоритма подается натуральное число N. Алгоритм строит по нему новое число R следующим образом.&nbsp;</p><p>1. Строится троичная запись числа N.&nbsp;</p><p>2. Если N делится на 3, к записи справа дописываются две последние троичные цифры.&nbsp;</p><p>Если N на 3 не делится, вычисляется сумма цифр троичной записи, сумма умножается на 3, переводится в троичную систему и дописывается справа.&nbsp;</p><p>Полученная запись является троичной записью числа R.&nbsp;</p><p>Укажите минимальное нечётное число R, большее 208. Ответ запишите в десятичной системе.</p>	243	2026-02-21 18:46:34+03	ФИПИ	5		
98	<p><span style="background-color:rgb(255,255,255);color:rgb(0,0,0);">На рисунке справа схема дорог Н-ского района изображена в виде графа, звёздочка в ячейке таблицы обозначает наличие дороги между двумя пунктами. Так как таблицу и схему рисовали независимо друг от друга, то нумерация населённых пунктов в таблице никак не связана с буквенными обозначениями на графе.</span><br>&nbsp;</p><figure class="image image-style-side"><img style="aspect-ratio:345/176;" src="https://kpolyakov.spb.ru/cms/images/8150.gif" width="345" height="176"></figure><p><span style="background-color:rgb(255,255,255);color:rgb(0,0,0);">Определите, какие номера в таблице могут соответствовать населённым пунктам A и D на схеме. В ответе запишите эти два номера в возрастающем порядке без пробелов и знаков препинания.</span></p>	25	2026-02-21 18:59:18+03	ADMIN	1		Апробация 2025
99	<p><span style="background-color:rgb(255,255,255);color:rgb(0,0,0);">На рисунке справа схема дорог Н-ского района изображена в виде графа, в таблице содержатся сведения о длинах этих дорог (в километрах). Так как таблицу и схему рисовали независимо друг от друга, то нумерация населённых пунктов в таблице никак не связана с буквенными обозначениями на графе.</span><br>&nbsp;</p><figure class="image image-style-side"><img style="aspect-ratio:426/197;" src="https://kpolyakov.spb.ru/cms/images/8146.gif" width="426" height="197"></figure><p><span style="background-color:rgb(255,255,255);color:rgb(0,0,0);">Определите сумму протяженностей дорог из пункта С в пункт G и из пункта Н в пункт Е. В ответе запишите целое число.</span></p>	31	2026-02-21 19:00:36+03	ADMIN	1		ЕГКР 2025
100	<p><span style="background-color:rgb(255,255,255);color:rgb(0,0,0);">На рисунке справа схема дорог Н-ского района изображена в виде графа, звёздочка в ячейке таблицы обозначает наличие дороги между двумя пунктами. Так как таблицу и схему рисовали независимо друг от друга, то нумерация населённых пунктов в таблице никак не связана с буквенными обозначениями на графе.</span><br>&nbsp;</p><figure class="image image-style-side"><img style="aspect-ratio:352/177;" src="https://kpolyakov.spb.ru/cms/images/8145.gif" width="352" height="177"></figure><p><span style="background-color:rgb(255,255,255);color:rgb(0,0,0);">Определите, какие номера в таблице могут соответствовать населённым пунктам B и C на схеме. В ответе запишите эти два номера в возрастающем порядке без пробелов и знаков препинания.</span></p>	37	2026-02-21 19:01:06+03	ADMIN	1		Открытый вариант 2025
101	<p><span style="background-color:rgb(255,255,255);color:rgb(0,0,0);">На рисунке справа схема дорог Н-ского района изображена в виде графа, в таблице содержатся сведения о длинах этих дорог (в километрах). Так как таблицу и схему рисовали независимо друг от друга, то нумерация населённых пунктов в таблице никак не связана с буквенными обозначениями на графе.</span><br>&nbsp;</p><figure class="image image-style-side"><img style="aspect-ratio:379/174;" src="https://kpolyakov.spb.ru/cms/images/8098.gif" width="379" height="174"></figure><p><span style="background-color:rgb(255,255,255);color:rgb(0,0,0);">Определите сумму протяженностей дорог пункта A в пункт B и из пункта E в пункт F. В ответе запишите целое число.</span></p>	22	2026-02-21 19:01:33+03	ADMIN	1		Досрочный ЕГЭ 2025
102	<p><span style="background-color:rgb(255,255,255);color:rgb(0,0,0);">На рисунке справа схема дорог Н-ского района изображена в виде графа, в таблице содержатся сведения о длинах этих дорог (в километрах). Так как таблицу и схему рисовали независимо друг от друга, то нумерация населённых пунктов в таблице никак не связана с буквенными обозначениями на графе.</span><br>&nbsp;</p><figure class="image image-style-side"><img style="aspect-ratio:423/198;" src="https://kpolyakov.spb.ru/cms/images/7911.gif" width="423" height="198"></figure><p><span style="background-color:rgb(255,255,255);color:rgb(0,0,0);">Определите сумму протяженностей дорог пункта A в пункт G и из пункта D в пункт E. В ответе запишите целое число.</span></p>	11	2026-02-21 19:01:56+03	ADMIN	1		ЕГКР 2024
103	<p><span style="background-color:rgb(255,255,255);color:rgb(0,0,0);">На рисунке справа схема дорог Н-ского района изображена в виде графа, в таблице содержатся сведения о длинах этих дорог (в километрах). Так как таблицу и схему рисовали независимо друг от друга, то нумерация населённых пунктов в таблице никак не связана с буквенными обозначениями на графе.</span><br>&nbsp;</p><figure class="image image-style-side"><img style="aspect-ratio:411/175;" src="https://kpolyakov.spb.ru/cms/images/7531.gif" width="411" height="175"></figure><p><span style="background-color:rgb(255,255,255);color:rgb(0,0,0);">Определите сумму протяженностей дорог из пункта F в пункт B и из пункта E в пункт D. В ответе запишите целое число.</span></p>	55	2026-02-21 19:02:22+03	ADMIN	1		ЕГЭ 2025
104	<p><span style="background-color:rgb(255,255,255);color:rgb(0,0,0);">На рисунке справа схема дорог Н-ского района изображена в виде графа, звёздочка в ячейке таблицы обозначает наличие дороги между двумя пунктами. Так как таблицу и схему рисовали независимо друг от друга, то нумерация населённых пунктов в таблице никак не связана с буквенными обозначениями на графе.</span><br>&nbsp;</p><figure class="image image-style-side"><img style="aspect-ratio:437/196;" src="https://kpolyakov.spb.ru/cms/images/7510.gif" width="437" height="196"></figure><p><span style="background-color:rgb(255,255,255);color:rgb(0,0,0);">Определите сумму протяженностей дорог из пункта A в пункт H и из пункта H в пункт C. В ответе запишите целое число.</span></p>	37	2026-02-21 19:02:51+03	ADMIN	1		ЕГЭ 2024
105	<p><span style="background-color:rgb(255,255,255);color:rgb(0,0,0);">На рисунке справа схема дорог Н-ского района изображена в виде графа, в таблице содержатся сведения о длинах этих дорог (в километрах). Так как таблицу и схему рисовали независимо друг от друга, то нумерация населённых пунктов в таблице никак не связана с буквенными обозначениями на графе.</span><br>&nbsp;</p><figure class="image image-style-side"><img style="aspect-ratio:422/198;" src="https://kpolyakov.spb.ru/cms/images/7453.gif" width="422" height="198"></figure><p><span style="background-color:rgb(255,255,255);color:rgb(0,0,0);">Определите сумму протяженностей дорог из пункта B в пункт H и из пункта A в пункт Е. В ответе запишите целое число.</span></p>	38	2026-02-21 19:03:21+03	ADMIN	1		ЕГЭ 2024
106	<p><span style="background-color:rgb(255,255,255);color:rgb(0,0,0);">На рисунке справа схема дорог Н-ского района изображена в виде графа, звёздочка в ячейке таблицы обозначает наличие дороги между двумя пунктами. Так как таблицу и схему рисовали независимо друг от друга, то нумерация населённых пунктов в таблице никак не связана с буквенными обозначениями на графе.</span><br>&nbsp;</p><figure class="image image-style-side"><img style="aspect-ratio:415/183;" src="https://kpolyakov.spb.ru/cms/images/6803.gif" width="415" height="183"></figure><p><span style="background-color:rgb(255,255,255);color:rgb(0,0,0);">Определите, какие номера населённых пунктов в таблице могут соответствовать населённым пунктам C и E на схеме. В качестве ответа перечислите найденные номера в порядке возрастания.</span></p>	14	2026-02-21 19:03:35+03	ADMIN	1		ЕГЭ 2023
107	<p><span style="background-color:rgb(255,255,255);color:rgb(0,0,0);">На рисунке справа схема дорог Н-ского района изображена в виде графа, в таблице содержатся сведения о длинах этих дорог (в километрах). Так как таблицу и схему рисовали независимо друг от друга, то нумерация населённых пунктов в таблице никак не связана с буквенными обозначениями на графе.</span></p><figure class="image image-style-side"><img style="aspect-ratio:424/196;" src="https://kpolyakov.spb.ru/cms/images/6709.gif" width="424" height="196"></figure><p><span style="background-color:rgb(255,255,255);color:rgb(0,0,0);">Определите сумму протяжённостей дорог из пункта B в пункт C и из пункта G в пункт H. В ответе запишите целое число.</span></p>	61	2026-02-21 19:03:58+03	ADMIN	1		ЕГЭ 2023
108	<p><span style="background-color:rgb(255,255,255);color:rgb(0,0,0);">На рисунке справа схема дорог Н-ского района изображена в виде графа, звёздочка в ячейке таблицы обозначает наличие дороги между двумя пунктами. Так как таблицу и схему рисовали независимо друг от друга, то нумерация населённых пунктов в таблице никак не связана с буквенными обозначениями на графе.</span><br>&nbsp;</p><figure class="image image-style-side"><img style="aspect-ratio:433/180;" src="https://kpolyakov.spb.ru/cms/images/6684.gif" width="433" height="180"></figure><p><span style="background-color:rgb(255,255,255);color:rgb(0,0,0);">Определите, какие номера населённых пунктов в таблице могут соответствовать населённым пунктам C и F на схеме. В качестве ответа перечислите найденные номера в порядке возрастания.</span></p>	25	2026-02-21 19:04:51+03	ADMIN	1		ЕГЭ 2023
109	<p>Логическая функция&nbsp;<br>\\[<br>F = w \\land \\neg\\bigl((x \\to y) \\to (y \\equiv z)\\bigr)<br>\\]<br>задаётся выражением выше.</p><p>На рисунке приведён частично заполненный фрагмент таблицы истинности функции $F$, содержащий неповторяющиеся строки.</p><p>\\[<br>\\begin{array}{c c c c | c}<br>? &amp; ? &amp; ? &amp; ? &amp; F \\\\<br>\\hline<br>? &amp; 0 &amp; 1 &amp; 0 &amp; 1 \\\\<br>0 &amp; 0 &amp; ? &amp; 0 &amp; 1 \\\\<br>? &amp; 1 &amp; 1 &amp; ? &amp; 1 \\\\<br>\\end{array}<br>\\]</p><p>Определите, какому столбцу таблицы истинности функции $F$ соответствует каждая из переменных $x$, $y$, $z$, $w$.</p><p>В ответе напишите буквы $x$, $y$, $z$, $w$ в том порядке, в котором идут соответствующие им столбцы. Буквы в ответе пишите подряд, никаких разделителей между буквами ставить не нужно.</p>	zwxy	2026-02-21 19:05:07+03	ADMIN	2		ЕГКР 2025
110	<p>Логическая функция $F$ задаётся выражением<br>\\[<br>F = (x \\land \\neg y) \\lor (y \\equiv z) \\lor w.<br>\\]</p><p>На рисунке приведён частично заполненный фрагмент таблицы истинности функции $F$, содержащий неповторяющиеся строки.</p><p>\\[<br>\\begin{array}{c c c c | c}<br>? &amp; ? &amp; ? &amp; ? &amp; F \\\\<br>\\hline<br>? &amp; ? &amp; 1 &amp; ? &amp; 0 \\\\<br>0 &amp; 0 &amp; 0 &amp; 1 &amp; 0 \\\\<br>1 &amp; 0 &amp; ? &amp; 1 &amp; 0 \\\\<br>\\end{array}<br>\\]</p><p>Определите, какому столбцу таблицы истинности функции $F$ соответствует каждая из переменных $x$, $y$, $z$, $w$.</p><p>В ответе напишите буквы $x$, $y$, $z$, $w$ в том порядке, в котором идут соответствующие им столбцы. Буквы в ответе пишите подряд, без разделителей.</p>	xwzy	2026-02-21 20:17:25+03	ADMIN	2		Открытый враиант 2025
111	<p>Логическая функция $F$ задаётся выражением<br>\\[<br>F = \\neg\\bigl((\\neg x \\lor y) \\land \\neg w\\bigr) \\to (z \\land \\neg (y \\land w)).<br>\\]</p><p>На рисунке приведён частично заполненный фрагмент таблицы истинности функции $F$, содержащий неповторяющиеся строки.</p><p>\\[<br>\\begin{array}{c c c c | c}<br>? &amp; ? &amp; ? &amp; ? &amp; F \\\\<br>\\hline<br>0 &amp; ? &amp; ? &amp; 1 &amp; 0 \\\\<br>? &amp; 1 &amp; ? &amp; ? &amp; 0 \\\\<br>1 &amp; 0 &amp; ? &amp; ? &amp; 0 \\\\<br>\\end{array}<br>\\]</p><p>Определите, какому столбцу таблицы истинности функции $F$ соответствует каждая из переменных $x$, $y$, $z$, $w$.</p><p>В ответе напишите буквы $x$, $y$, $z$, $w$ в том порядке, в котором идут соответствующие им столбцы. Буквы в ответе пишите подряд, без разделителей.</p>	xwzy	2026-02-21 20:19:01+03	ADMIN	2		ЕГКР 2024
112	<p>Логическая функция $F$ задаётся выражением<br>\\[<br>F = (\\neg x \\land y \\land z \\land \\neg w)<br>\\lor (\\neg x \\land y \\land \\neg z \\land \\neg w)<br>\\lor (x \\land y \\land z \\land \\neg w).<br>\\]</p><p>На рисунке приведён частично заполненный фрагмент таблицы истинности функции $F$, содержащий неповторяющиеся строки.</p><p>\\[<br>\\begin{array}{c c c c | c}<br>? &amp; ? &amp; ? &amp; ? &amp; F \\\\<br>\\hline<br>1 &amp; ? &amp; ? &amp; ? &amp; 1 \\\\<br>0 &amp; ? &amp; 1 &amp; ? &amp; 1 \\\\<br>? &amp; 0 &amp; 0 &amp; ? &amp; 1 \\\\<br>\\end{array}<br>\\]</p><p>Определите, какому столбцу таблицы истинности функции $F$ соответствует каждая из переменных $x$, $y$, $z$, $w$.</p><p>В ответе напишите буквы $x$, $y$, $z$, $w$ в том порядке, в котором идут соответствующие им столбцы. Буквы в ответе пишите подряд, без разделителей.</p>	xwzy	2026-02-21 20:23:54+03	ADMIN	2		ЕГЭ 2024
\.


--
-- Data for Name: Generator_tasklist; Type: TABLE DATA; Schema: public; Owner: postgres
--

COPY public."Generator_tasklist" (id, task_number, task_title, level_id, subject_id, part_id) FROM stdin;
4	4	Условие Фано	2	1	1
5	5	Алгоритм	2	1	1
6	6	Черепаха, подсчёт точек	2	1	1
8	8	Комбинаторика	2	1	1
9	9	Электронные таблицы	2	1	1
10	10	Поиск в тексте	2	1	1
11	11	Хранение информации	2	1	1
12	12	Машина Тьюринга	2	1	1
13	13	IP-адрес и маска сети	2	1	1
14	14	Системы счисления и длинная арифметика	2	1	1
15	15	Логические высказывания	2	1	1
16	16	Рекурсия	2	1	1
17	17	Анализ текстового файла	2	1	1
18	18	Робот в таблицах	2	1	1
19	19	Теория игр - 1	2	1	1
20	20	Теория игр - 2	2	1	1
21	21	Теория игр - 3	2	1	1
22	22	Параллельные процессы, расписание	2	1	1
23	23	Количество программ	2	1	1
24	24	Поиск подпоследовательности в файле	2	1	1
25	25	Делители и маски числеоа	2	1	1
26	26	Анализ информации	2	1	1
27	27	Кластеризация звёздного неба	2	1	1
1	1	Кратчайший путь в графе	2	1	1
2	2	Таблица истинности логической функции	2	1	1
3	3	Поиск в базе данных	2	1	1
7	7	Объём растрового изображения / звукового файла	2	1	1
\.


--
-- Data for Name: Generator_variant; Type: TABLE DATA; Schema: public; Owner: postgres
--

COPY public."Generator_variant" (id, created_at, created_by, level_id, var_subject_id, share_token) FROM stdin;
1	2026-02-19 22:07:41.887087+03	ADMIN	2	1	vp7F9guKZSx0p_Ze
2	2026-02-19 22:07:49.648237+03	ADMIN	2	1	2hnXc04BjalhDXOc
3	2026-02-19 22:10:53.786574+03	ADMIN	2	1	WEzS_h6ZZvnnxAYt
4	2026-02-19 22:13:10.972185+03	ADMIN	2	1	THlar429Q7gLKncr
5	2026-02-19 22:19:01.841252+03	ADMIN	2	1	raWI46NlG8g8OTy2
6	2026-02-20 20:14:54.380981+03	ADMIN	2	1	8wuCw4z9YFu8pjmp
7	2026-02-21 18:52:08.849163+03	ADMIN	2	1	tQC0HmwWdoaV29Wm
8	2026-02-21 18:52:42.098207+03	ADMIN	2	1	uvz9qKrutuKsB3tG
9	2026-02-21 18:58:04.980363+03	ADMIN	2	1	OYbttk1KLjmqiWzu
10	2026-02-21 19:07:26.400197+03	ADMIN	2	1	4yblW_yN3byzcLPT
11	2026-02-21 19:28:11.80344+03	ADMIN	2	1	n-kaOxwU1vXz4439
12	2026-02-21 19:59:57.611702+03	ADMIN	2	1	Rauo4rZi_px0rQZI
\.


--
-- Data for Name: Generator_variantcontent; Type: TABLE DATA; Schema: public; Owner: postgres
--

COPY public."Generator_variantcontent" (id, "order", task_id, variant_id) FROM stdin;
1	1	1	1
2	2	2	1
3	3	3	1
4	4	4	1
5	5	5	1
6	6	6	1
7	7	7	1
8	8	8	1
9	9	9	1
10	10	10	1
11	11	11	1
12	12	12	1
13	13	13	1
14	14	14	1
15	15	15	1
16	16	16	1
17	17	17	1
18	18	18	1
19	19	19	1
22	22	22	1
23	23	23	1
24	24	24	1
25	25	25	1
26	26	26	1
27	27	27	1
28	1	1	2
29	1	1	3
30	1	1	4
31	2	2	4
32	3	3	4
33	4	4	4
34	5	5	4
35	6	6	4
36	7	7	4
37	8	8	4
38	9	9	4
39	10	10	4
40	11	11	4
41	12	12	4
42	13	13	4
43	14	14	4
44	15	15	4
45	16	16	4
46	17	17	4
47	18	18	4
48	19	19	4
51	22	22	4
52	23	23	4
53	24	24	4
54	25	25	4
55	26	26	4
56	27	27	4
57	1	1	5
58	2	2	5
59	3	3	5
60	4	4	5
61	5	5	5
62	6	6	5
63	7	7	5
64	8	8	5
65	9	9	5
66	10	10	5
67	11	11	5
68	12	12	5
69	13	13	5
70	14	14	5
71	15	15	5
72	16	16	5
73	17	17	5
74	18	18	5
75	19	19	5
78	22	22	5
79	23	23	5
80	24	24	5
81	25	25	5
82	26	26	5
83	27	27	5
84	1	1	6
85	2	2	6
86	3	3	6
87	4	4	6
88	5	5	6
89	6	6	6
90	7	7	6
91	8	8	6
92	9	9	6
93	10	10	6
94	11	11	6
95	12	12	6
96	13	13	6
97	14	14	6
98	15	15	6
99	16	16	6
100	17	17	6
101	18	18	6
102	19	19	6
103	20	22	6
104	21	23	6
105	22	24	6
106	23	25	6
107	24	26	6
108	25	27	6
109	1	1	7
110	2	2	7
111	3	3	7
112	4	34	7
113	5	36	7
114	6	6	7
115	7	28	7
116	8	48	7
117	9	9	7
118	10	10	7
119	11	51	7
120	12	12	7
121	13	63	7
122	14	76	7
123	15	15	7
124	16	16	7
125	17	17	7
126	18	18	7
127	19	19	7
128	20	22	7
129	21	83	7
130	22	24	7
131	23	94	7
132	24	26	7
133	25	27	7
134	1	36	8
135	2	37	8
136	3	5	8
137	4	38	8
138	1	1	9
139	1	2	10
140	2	109	10
141	1	2	11
142	2	109	11
143	1	107	12
144	2	2	12
145	3	3	12
146	4	35	12
147	5	37	12
148	6	39	12
149	7	28	12
150	8	43	12
151	9	9	12
152	10	10	12
153	11	52	12
154	12	12	12
155	13	65	12
156	14	14	12
157	15	15	12
158	16	16	12
159	17	17	12
160	18	18	12
161	19	19	12
162	20	22	12
163	21	84	12
164	22	24	12
165	23	95	12
166	24	26	12
167	25	27	12
\.


--
-- Data for Name: auth_group; Type: TABLE DATA; Schema: public; Owner: postgres
--

COPY public.auth_group (id, name) FROM stdin;
\.


--
-- Data for Name: auth_group_permissions; Type: TABLE DATA; Schema: public; Owner: postgres
--

COPY public.auth_group_permissions (id, group_id, permission_id) FROM stdin;
\.


--
-- Data for Name: auth_permission; Type: TABLE DATA; Schema: public; Owner: postgres
--

COPY public.auth_permission (id, name, content_type_id, codename) FROM stdin;
1	Can add log entry	1	add_logentry
2	Can change log entry	1	change_logentry
3	Can delete log entry	1	delete_logentry
4	Can view log entry	1	view_logentry
5	Can add permission	3	add_permission
6	Can change permission	3	change_permission
7	Can delete permission	3	delete_permission
8	Can view permission	3	view_permission
9	Can add group	2	add_group
10	Can change group	2	change_group
11	Can delete group	2	delete_group
12	Can view group	2	view_group
13	Can add user	4	add_user
14	Can change user	4	change_user
15	Can delete user	4	delete_user
16	Can view user	4	view_user
17	Can add content type	5	add_contenttype
18	Can change content type	5	change_contenttype
19	Can delete content type	5	delete_contenttype
20	Can view content type	5	view_contenttype
21	Can add session	6	add_session
22	Can change session	6	change_session
23	Can delete session	6	delete_session
24	Can view session	6	view_session
25	Can add level	7	add_level
26	Can change level	7	change_level
27	Can delete level	7	delete_level
28	Can view level	7	view_level
29	Can add subject	8	add_subject
30	Can change subject	8	change_subject
31	Can delete subject	8	delete_subject
32	Can view subject	8	view_subject
33	Can add tags list	10	add_tagslist
34	Can change tags list	10	change_tagslist
35	Can delete tags list	10	delete_tagslist
36	Can view tags list	10	view_tagslist
37	Can add task	11	add_task
38	Can change task	11	change_task
39	Can delete task	11	delete_task
40	Can view task	11	view_task
41	Can add tag	9	add_tag
42	Can change tag	9	change_tag
43	Can delete tag	9	delete_tag
44	Can view tag	9	view_tag
45	Can add task list	12	add_tasklist
46	Can change task list	12	change_tasklist
47	Can delete task list	12	delete_tasklist
48	Can view task list	12	view_tasklist
49	Can add variant	13	add_variant
50	Can change variant	13	change_variant
51	Can delete variant	13	delete_variant
52	Can view variant	13	view_variant
53	Can add variant content	14	add_variantcontent
54	Can change variant content	14	change_variantcontent
55	Can delete variant content	14	delete_variantcontent
56	Can view variant content	14	view_variantcontent
57	Can add excalidraw board	15	add_excalidrawboard
58	Can change excalidraw board	15	change_excalidrawboard
59	Can delete excalidraw board	15	delete_excalidrawboard
60	Can view excalidraw board	15	view_excalidrawboard
61	Can add part	16	add_part
62	Can change part	16	change_part
63	Can delete part	16	delete_part
64	Can view part	16	view_part
65	Can add tags	17	add_tags
66	Can change tags	17	change_tags
67	Can delete tags	17	delete_tags
68	Can view tags	17	view_tags
\.


--
-- Data for Name: auth_user; Type: TABLE DATA; Schema: public; Owner: postgres
--

COPY public.auth_user (id, password, last_login, is_superuser, username, first_name, last_name, email, is_staff, is_active, date_joined) FROM stdin;
1	pbkdf2_sha256$1200000$PipMsqOaW2lRBW1F0C6q60$lGSwyyDQm13E4wQmoHJUNvPHnrGRd3wSdVsuUH/DcTA=	2026-02-14 15:46:27.319074+03	t	admin			darsorokinaa@gmail.com	t	t	2026-02-14 15:46:05.525093+03
\.


--
-- Data for Name: auth_user_groups; Type: TABLE DATA; Schema: public; Owner: postgres
--

COPY public.auth_user_groups (id, user_id, group_id) FROM stdin;
\.


--
-- Data for Name: auth_user_user_permissions; Type: TABLE DATA; Schema: public; Owner: postgres
--

COPY public.auth_user_user_permissions (id, user_id, permission_id) FROM stdin;
\.


--
-- Data for Name: django_admin_log; Type: TABLE DATA; Schema: public; Owner: postgres
--

COPY public.django_admin_log (id, action_time, object_id, object_repr, action_flag, change_message, content_type_id, user_id) FROM stdin;
1	2026-02-14 15:46:38.406244+03	1	oge	1	[{"added": {}}]	7	1
2	2026-02-14 15:46:41.172705+03	2	ege	1	[{"added": {}}]	7	1
3	2026-02-14 15:46:46.594037+03	1	math	1	[{"added": {}}]	8	1
4	2026-02-14 15:46:52.822765+03	1	math	2	[{"changed": {"fields": ["Subject name"]}}]	8	1
5	2026-02-14 15:46:54.990035+03	2	inf	1	[{"added": {}}]	8	1
6	2026-02-14 15:48:11.750108+03	2	inf: 2 - Декодировани	2	[{"changed": {"fields": ["Task title"]}}]	12	1
7	2026-02-14 15:48:15.967238+03	2	inf: 2 - Декодирование	2	[{"changed": {"fields": ["Task title"]}}]	12	1
8	2026-02-14 16:04:03.350584+03	2	Вариант 2 -  math: oge	3		13	1
9	2026-02-14 16:04:22.026424+03	4	Вариант 4 -  math: oge	3		13	1
10	2026-02-14 16:37:34.412076+03	7	Вариант 7 -  inf: oge	3		13	1
11	2026-02-14 16:37:34.412132+03	6	Вариант 6 -  math: oge	3		13	1
12	2026-02-14 16:37:34.412147+03	5	Вариант 5 -  math: oge	3		13	1
13	2026-02-14 16:37:34.412159+03	3	Вариант 3 -  math: oge	3		13	1
14	2026-02-14 16:37:34.412171+03	1	Вариант 1 -  inf: oge	3		13	1
15	2026-02-16 14:54:42.266017+03	1	ExcalidrawBoard object (1)	3		15	1
16	2026-02-16 20:08:45.947969+03	1	Часть 1	1	[{"added": {}}]	16	1
17	2026-02-16 20:08:49.494617+03	2	Часть 2	1	[{"added": {}}]	16	1
18	2026-02-16 20:08:53.015614+03	3	Аудирование	1	[{"added": {}}]	16	1
19	2026-02-16 20:10:31.580921+03	45	Вариант 45 -  inf: oge	3		13	1
20	2026-02-16 20:10:31.580969+03	44	Вариант 44 -  inf: oge	3		13	1
21	2026-02-16 20:10:31.580984+03	43	Вариант 43 -  inf: oge	3		13	1
22	2026-02-16 20:10:31.580995+03	42	Вариант 42 -  math: oge	3		13	1
23	2026-02-16 20:10:31.581006+03	41	Вариант 41 -  inf: oge	3		13	1
24	2026-02-16 20:10:31.581016+03	40	Вариант 40 -  inf: oge	3		13	1
25	2026-02-16 20:10:31.581026+03	39	Вариант 39 -  inf: oge	3		13	1
26	2026-02-16 20:10:31.581036+03	38	Вариант 38 -  math: oge	3		13	1
27	2026-02-16 20:10:31.581046+03	37	Вариант 37 -  inf: oge	3		13	1
28	2026-02-16 20:10:31.581056+03	36	Вариант 36 -  math: oge	3		13	1
29	2026-02-16 20:10:31.581066+03	35	Вариант 35 -  math: oge	3		13	1
30	2026-02-16 20:10:31.581077+03	34	Вариант 34 -  inf: oge	3		13	1
31	2026-02-16 20:10:31.581087+03	33	Вариант 33 -  math: oge	3		13	1
32	2026-02-16 20:10:31.581096+03	32	Вариант 32 -  inf: oge	3		13	1
33	2026-02-16 20:10:31.581106+03	31	Вариант 31 -  inf: oge	3		13	1
34	2026-02-16 20:10:31.581116+03	30	Вариант 30 -  inf: oge	3		13	1
35	2026-02-16 20:10:31.581126+03	29	Вариант 29 -  inf: oge	3		13	1
36	2026-02-16 20:10:31.581135+03	28	Вариант 28 -  inf: oge	3		13	1
37	2026-02-16 20:10:31.581145+03	27	Вариант 27 -  inf: oge	3		13	1
38	2026-02-16 20:10:31.581155+03	26	Вариант 26 -  inf: oge	3		13	1
39	2026-02-16 20:10:31.581164+03	25	Вариант 25 -  inf: oge	3		13	1
40	2026-02-16 20:10:31.581174+03	24	Вариант 24 -  inf: oge	3		13	1
41	2026-02-16 20:10:31.581184+03	23	Вариант 23 -  inf: oge	3		13	1
42	2026-02-16 20:10:31.581194+03	22	Вариант 22 -  inf: oge	3		13	1
43	2026-02-16 20:10:31.581204+03	21	Вариант 21 -  inf: oge	3		13	1
44	2026-02-16 20:10:31.581213+03	20	Вариант 20 -  inf: oge	3		13	1
45	2026-02-16 20:10:31.581223+03	19	Вариант 19 -  inf: oge	3		13	1
46	2026-02-16 20:10:31.581233+03	18	Вариант 18 -  inf: oge	3		13	1
47	2026-02-16 20:10:31.581243+03	17	Вариант 17 -  inf: oge	3		13	1
48	2026-02-16 20:10:31.581253+03	16	Вариант 16 -  inf: oge	3		13	1
49	2026-02-16 20:10:31.581263+03	15	Вариант 15 -  inf: oge	3		13	1
50	2026-02-16 20:10:31.581272+03	14	Вариант 14 -  inf: oge	3		13	1
51	2026-02-16 20:10:31.581282+03	13	Вариант 13 -  inf: oge	3		13	1
52	2026-02-16 20:10:31.581292+03	12	Вариант 12 -  inf: oge	3		13	1
53	2026-02-16 20:10:31.581301+03	11	Вариант 11 -  inf: oge	3		13	1
54	2026-02-16 20:10:31.581311+03	10	Вариант 10 -  inf: oge	3		13	1
55	2026-02-16 20:10:31.58132+03	9	Вариант 9 -  inf: oge	3		13	1
56	2026-02-16 20:10:31.58133+03	8	Вариант 8 -  inf: oge	3		13	1
57	2026-02-16 20:11:05.168968+03	2	2: <p>В одной из кодировок Unicode каждый символ кодируется 16 битами. Ученик написал текст (в нём нет 	2	[{"changed": {"fields": ["Task template", "Created by"]}}]	11	1
58	2026-02-16 20:13:37.147984+03	3	3: <p>Разведчик передал в штаб радиограмму:</p>\r\n\r\n<h2>&bull; &ndash; &ndash; &bull; &bull; &bull; &nda	2	[{"changed": {"fields": ["Task template"]}}]	11	1
59	2026-02-16 20:17:50.912283+03	3	3: <p>Разведчик передал в штаб радиограмму:</p>\r\n\r\n<h3>&bull; &ndash; &ndash; &bull; &bull; &bull; &nda	2	[{"changed": {"fields": ["Task template"]}}]	11	1
60	2026-02-16 20:18:29.775966+03	3	3: <p>Разведчик передал в штаб радиограмму:</p>\r\n\r\n<h3>&bull; &ndash; &ndash; &bull; &bull; &bull; &nda	2	[{"changed": {"fields": ["Task template"]}}]	11	1
61	2026-02-16 20:22:07.943941+03	3	3: <p>Разведчик передал в штаб радиограмму:</p>\r\n\r\n<h3>&bull; &ndash; &ndash; &bull; &bull; &bull; &nda	2	[]	11	1
62	2026-02-16 20:22:24.474351+03	4	4: <p>Напишите наименьшее натуральное число x, для которого ложно высказывание:</p>\r\n\r\n<h4><strong>(x &	2	[{"changed": {"fields": ["Task template"]}}]	11	1
63	2026-02-16 20:23:24.681838+03	5	5: <p>Между населёнными пунктами A, B, C, D, E построены дороги, протяжённость которых (в километрах) п	2	[{"changed": {"fields": ["Task template"]}}]	11	1
64	2026-02-16 20:23:37.491038+03	4	4: <p>Напишите наименьшее натуральное число x, для которого ложно высказывание:</p>\r\n\r\n<h6><strong>(x &	2	[{"changed": {"fields": ["Task template"]}}]	11	1
65	2026-02-16 20:24:14.152657+03	6	6: <p>У исполнителя Квадратор две команды, которым присвоены номера:</p>\r\n\r\n<p><em><strong>1) возведи в	2	[{"changed": {"fields": ["Task template"]}}]	11	1
66	2026-02-16 20:24:27.019191+03	6	6: <p>У исполнителя Квадратор две команды, которым присвоены номера:</p>\r\n\r\n<p><strong>1) возведи в ква	2	[{"changed": {"fields": ["Task template"]}}]	11	1
67	2026-02-16 20:25:46.407417+03	7	7: <p>Ниже приведена программа:</p>\r\n\r\n<table border="1" cellpadding="1" cellspacing="1" style="width:1	2	[{"changed": {"fields": ["Task template"]}}]	11	1
68	2026-02-16 20:27:37.65321+03	7	7: <p>Ниже приведена программа:</p>\r\n\r\n<table align="center" border="1" cellpadding="1" cellspacing="1"	2	[{"changed": {"fields": ["Task template"]}}]	11	1
69	2026-02-16 20:28:15.82946+03	8	8: <p>Доступ к файлу <strong>https.txt</strong>, находящемуся на сервере <strong>smile.ru</strong>, осу	2	[{"changed": {"fields": ["Task template"]}}]	11	1
70	2026-02-16 20:29:23.296801+03	9	9: <p>В языке запросов поискового сервера символ &quot;|&quot; обозначает ИЛИ, &quot;&amp;&quot; &mdash	2	[{"changed": {"fields": ["Task template"]}}]	11	1
71	2026-02-16 20:30:21.989351+03	10	10: <p>На рисунке представлена схема дорог между городами A, B, C, D, E, F, G, H. По каждой дороге можно	2	[{"changed": {"fields": ["Task template"]}}]	11	1
72	2026-02-16 20:31:01.854527+03	11	11: <p>Вычислите значение выражения:</p>\r\n\r\n<h6>110111₂ + 1101₈ + 1101₁₆</h6>\r\n\r\n<p>В ответе запишите де	2	[{"changed": {"fields": ["Task template"]}}]	11	1
73	2026-02-16 20:31:21.656409+03	11	11: <p>Вычислите значение выражения:</p>\r\n\r\n<h5>110111₂ + 1101₈ + 1101₁₆</h5>\r\n\r\n<p>В ответе запишите де	2	[{"changed": {"fields": ["Task template"]}}]	11	1
74	2026-02-16 20:32:28.243153+03	15	15: <p>В одном из произведений Н.В. Гоголя в подкаталоге каталога &laquo;Проза&raquo; у персонажа есть с	2	[{"changed": {"fields": ["Task template"]}}]	11	1
75	2026-02-16 20:33:50.995877+03	19	19: <p>Напишите алгоритм для исполнителя Робот, закрашивающий все клетки, расположенные левее вертикальн	2	[{"changed": {"fields": ["Task template", "Answer"]}}]	11	1
76	2026-02-16 20:38:24.610744+03	15	15: <p>В одном из произведений Н.В. Гоголя в подкаталоге каталога &laquo;Проза&raquo; у персонажа есть с	2	[{"changed": {"fields": ["Files"]}}]	11	1
77	2026-02-16 20:49:25.826289+03	15	15: <p>В одном из произведений Н.В. Гоголя в подкаталоге каталога &laquo;Проза&raquo; у персонажа есть с	2	[{"changed": {"fields": ["Files"]}}]	11	1
78	2026-02-16 20:49:53.477638+03	15	15: <p>В одном из произведений Н.В. Гоголя в подкаталоге каталога &laquo;Проза&raquo; у персонажа есть с	2	[{"changed": {"fields": ["Files"]}}]	11	1
79	2026-02-16 20:50:44.228171+03	16	16: <p>Сколько всего файлов с расширениями <strong>.htm и .tiff</strong> содержится в указанных подкатал	2	[{"changed": {"fields": ["Task template", "Files"]}}]	11	1
80	2026-02-16 20:52:14.9364+03	17	17: <p>Создайте презентацию из трёх слайдов на тему &laquo;Басенджи&raquo; в соответствии с требованиями	2	[{"changed": {"fields": ["Task template", "Answer"]}}]	11	1
81	2026-02-16 20:53:24.00117+03	18	18: <p>В электронной таблице выполните вычисления суммарной протяжённости перевозок и средней массы груз	2	[{"changed": {"fields": ["Task template", "Answer"]}}]	11	1
82	2026-02-16 20:54:14.052606+03	17	17: <p>Создайте презентацию из трёх слайдов на тему &laquo;Басенджи&raquo; в соответствии с требованиями	2	[{"changed": {"fields": ["Task template"]}}]	11	1
83	2026-02-16 20:54:34.770025+03	17	17: <p>Создайте презентацию из трёх слайдов на тему &laquo;Басенджи&raquo; в соответствии с требованиями	2	[{"changed": {"fields": ["Task template"]}}]	11	1
84	2026-02-16 20:54:58.461083+03	17	17: <p>Создайте презентацию из трёх слайдов на тему &laquo;Басенджи&raquo; в соответствии с требованиями	2	[{"changed": {"fields": ["Task template"]}}]	11	1
85	2026-02-16 20:56:00.149941+03	20	20: <table align="center" border="1" cellpadding="1" cellspacing="1" style="width:100%">\r\n\t<thead>\r\n\t\t<t	2	[{"changed": {"fields": ["Task template", "Answer"]}}]	11	1
86	2026-02-16 20:56:28.681386+03	20	20: <p>Напишите программу подсчёта суммы элементов последовательности натуральных чисел, запись которых 	2	[{"changed": {"fields": ["Task template"]}}]	11	1
87	2026-02-16 20:56:39.832657+03	18	18: <p>В электронной таблице выполните вычисления суммарной протяжённости перевозок и средней массы груз	2	[{"changed": {"fields": ["Files"]}}]	11	1
88	2026-02-16 20:58:12.176232+03	26	26: <p>Найдите значение выражения \\[<br />\r\n\\frac{1}{30} + \\frac{1}{42}<br />\r\n\\]<br />\r\n``</p>	2	[{"changed": {"fields": ["Task template"]}}]	11	1
89	2026-02-16 20:59:37.472194+03	26	26: <p>Найдите значение выражения \\[\\frac{1}{30} + \\frac{1}{42}\\]<br />\r\n&nbsp;</p>	2	[{"changed": {"fields": ["Task template"]}}]	11	1
90	2026-02-16 21:00:53.723133+03	27	27: <p>Одно из чисел \\[\\frac{5}{9};\\ \\frac{11}{9};\\ \\frac{13}{9};\\ \\frac{14}{9}\\] отмечено на числовой п	2	[{"changed": {"fields": ["Task template"]}}]	11	1
91	2026-02-16 21:02:32.09055+03	27	27: <p>Одно из чисел \\[\\frac{5}{9};\\ \\frac{11}{9};\\ \\frac{13}{9};\\ \\frac{14}{9}\\] отмечено на числовой п	2	[{"changed": {"fields": ["Task template"]}}]	11	1
92	2026-02-16 21:02:56.353828+03	27	27: <p>Одно из чисел \\[\\frac{5}{9};\\ \\frac{11}{9};\\ \\frac{13}{9};\\ \\frac{14}{9}\\] отмечено на числовой п	2	[{"changed": {"fields": ["Task template"]}}]	11	1
93	2026-02-16 21:03:37.605245+03	27	27: <p>Одно из чисел \\[\\frac{5}{9};\\ \\frac{11}{9};\\ \\frac{13}{9};\\ \\frac{14}{9}\\] отмечено на числовой п	2	[{"changed": {"fields": ["Task template"]}}]	11	1
94	2026-02-16 21:03:58.998696+03	27	27: <p>Одно из чисел \\[\\frac{5}{9};\\ \\frac{11}{9};\\ \\frac{13}{9};\\ \\frac{14}{9}\\] отмечено на числовой п	2	[{"changed": {"fields": ["Task template"]}}]	11	1
95	2026-02-16 21:05:03.533302+03	27	27: <p>Одно из чисел \\[\\frac{5}{9};\\ \\frac{11}{9};\\ \\frac{13}{9};\\ \\frac{14}{9}\\] отмечено на числовой п	2	[{"changed": {"fields": ["Task template"]}}]	11	1
96	2026-02-16 21:05:20.949596+03	27	27: <p>Одно из чисел \\[\\frac{5}{9};\\ \\frac{11}{9};\\ \\frac{13}{9};\\ \\frac{14}{9}\\] отмечено на числовой п	2	[{"changed": {"fields": ["Task template"]}}]	11	1
97	2026-02-16 21:05:56.164699+03	27	27: <p>Одно из чисел \\[\\frac{5}{9};\\ \\frac{11}{9};\\ \\frac{13}{9};\\ \\frac{14}{9}\\] отмечено на числовой п	2	[{"changed": {"fields": ["Task template"]}}]	11	1
98	2026-02-16 21:07:01.371864+03	28	28: <p>Найдите значение выражения \\[\\frac{1}{2} + \\frac{1}{3} + 2 - \\frac{3}{2}\\]</p>	2	[{"changed": {"fields": ["Task template"]}}]	11	1
99	2026-02-16 21:07:52.715269+03	28	28: <p>Найдите значение выражения \\[\\frac{1}{2+\\sqrt{3}} + \\frac{1}{2-\\sqrt{3}}\\]</p>	2	[{"changed": {"fields": ["Task template"]}}]	11	1
100	2026-02-16 21:09:10.897211+03	29	29: <p>Решите уравнение \\[2x^2 - 3x + 1 = 0\\]. Если уравнение имеет более одного корня, в ответ запишите	2	[{"changed": {"fields": ["Task template"]}}]	11	1
101	2026-02-16 21:09:33.040126+03	29	29: <p>Решите уравнение \\[2x^2 - 3x + 1 = 0\\]</p>\r\n\r\n<p>Если уравнение имеет более одного корня, в ответ	2	[{"changed": {"fields": ["Task template"]}}]	11	1
102	2026-02-16 21:10:02.563061+03	30	30: <p>Симметричный игральный кубик бросают два раза. Найдите вероятность события <em>&laquo;сумма выпав	2	[{"changed": {"fields": ["Task template"]}}]	11	1
103	2026-02-16 21:11:42.405003+03	31	31: <p>Установите соответствие между функциями и их графиками.</p>\r\n\r\n<p>ФУНКЦИИ</p>\r\n\r\n<p>\\[<br />\r\n\\te	2	[{"changed": {"fields": ["Task template"]}}]	11	1
104	2026-02-16 21:12:14.314697+03	31	31: <p>Установите соответствие между функциями и их графиками.</p>\r\n\r\n<p>&nbsp;</p>\r\n\r\n<p>ФУНКЦИИ</p>\r\n\r	2	[{"changed": {"fields": ["Task template"]}}]	11	1
105	2026-02-16 21:12:38.805733+03	31	31: <p>Установите соответствие между функциями и их графиками.</p>\r\n\r\n<p>&nbsp;</p>\r\n\r\n<p>ФУНКЦИИ</p>\r\n\r	2	[{"changed": {"fields": ["Task template"]}}]	11	1
106	2026-02-16 21:14:01.572351+03	32	32: <p>Кинетическая энергия тела массой m кг, двигающегося со скоростью v [\\frac{м}{с}\\] вычисляется по 	2	[{"changed": {"fields": ["Task template"]}}]	11	1
107	2026-02-16 21:14:32.725904+03	32	32: <p>Кинетическая энергия тела массой m кг, двигающегося со скоростью v \\[\\frac{м}{с}]\\ вычисляется по	2	[{"changed": {"fields": ["Task template"]}}]	11	1
108	2026-02-16 21:14:59.958933+03	32	32: <p>Кинетическая энергия тела массой $m$ кг, двигающегося со скоростью $v\\ \\left(\\frac{\\text{м}}{\\tex	2	[{"changed": {"fields": ["Task template"]}}]	11	1
109	2026-02-16 21:15:31.697362+03	32	32: <p>Кинетическая энергия тела массой $m$ кг, двигающегося со скоростью $v\\ \\frac{\\text{м}}{\\text{с}}$	2	[{"changed": {"fields": ["Task template"]}}]	11	1
110	2026-02-16 21:16:33.919307+03	33	33: <p>Укажите неравенство, решение которого изображено на рисунке.</p>\r\n\r\n<p><img src="data:image/png;b	2	[{"changed": {"fields": ["Task template"]}}]	11	1
111	2026-02-16 21:17:27.144316+03	33	33: <p>Укажите неравенство, решение которого изображено на рисунке.</p>\r\n\r\n<p>\\[<br />\r\n\\begin{tikzpictu	2	[{"changed": {"fields": ["Task template"]}}]	11	1
112	2026-02-16 21:17:59.485734+03	33	33: <p>Укажите неравенство, решение которого изображено на рисунке.</p>\r\n\r\n<p>\\[<br />\r\n\\begin{tikzpictu	2	[{"changed": {"fields": ["Task template"]}}]	11	1
113	2026-02-16 21:18:23.962758+03	33	33: <p>Укажите неравенство, решение которого изображено на рисунке.</p>\r\n\r\n<p><img src="data:image/png;b	2	[{"changed": {"fields": ["Task template"]}}]	11	1
114	2026-02-16 21:19:41.553703+03	35	35: <p>В треугольнике $ABC$ угол $C$ равен $90^\\circ$,&nbsp;<br />\r\n$\\sin B = \\frac{3}{7}$, $AB = 21$. Н	2	[{"changed": {"fields": ["Task template"]}}]	11	1
115	2026-02-16 21:20:05.81957+03	35	35: <p>В треугольнике $ABC$ угол $C$ равен $90^\\circ$,&nbsp;<br />\r\n$\\sin B = \\frac{3}{7}$, $AB = 21$. Н	2	[{"changed": {"fields": ["Task template"]}}]	11	1
116	2026-02-16 21:20:19.584837+03	35	35: <p>В треугольнике $ABC$ угол $C$ равен $90^\\circ$,&nbsp;<br />\r\n$\\sin B = \\frac{3}{7}$, $AB = 21$. Н	2	[{"changed": {"fields": ["Task template"]}}]	11	1
117	2026-02-16 21:20:33.026457+03	35	35: <p><img src="data:image/png;base64,iVBORw0KGgoAAAANSUhEUgAAAG8AAACUCAYAAACdkHe6AAABTGlDQ1BJQ0MgUHJvZ	2	[{"changed": {"fields": ["Task template"]}}]	11	1
118	2026-02-16 21:20:47.741595+03	34	34: <p>При проведении опыта вещество равномерно охлаждали в течение 10 минут. При этом каждую минуту тем	2	[{"changed": {"fields": ["Task template"]}}]	11	1
119	2026-02-16 21:21:00.648855+03	35	35: <p>В треугольнике $ABC$ угол $C$ равен $90^\\circ$,&nbsp;<br />\r\n$\\sin B = \\frac{3}{7}$, $AB = 21$. <	2	[{"changed": {"fields": ["Task template"]}}]	11	1
120	2026-02-16 21:21:21.06533+03	35	35: <p>В треугольнике $ABC$ угол $C$ равен $90^\\circ$,&nbsp;<br />\r\n$\\sin B = \\frac{3}{7}$, $AB = 21$. Н	2	[{"changed": {"fields": ["Task template"]}}]	11	1
121	2026-02-16 21:21:35.224915+03	35	35: <p>В треугольнике $ABC$ угол $C$ равен $90^\\circ$,&nbsp;<br />\r\n$\\sin B = \\frac{3}{7}$, $AB = 21$. Н	2	[{"changed": {"fields": ["Task template"]}}]	11	1
122	2026-02-16 21:21:54.516229+03	35	35: <p>В треугольнике $ABC$ угол $C$ равен $90^\\circ$,&nbsp;<br />\r\n$\\sin B = \\frac{3}{7}$, $AB = 21$.<i	2	[{"changed": {"fields": ["Task template"]}}]	11	1
123	2026-02-16 21:22:22.500965+03	35	35: <p>В треугольнике $ABC$ угол $C$ равен $90^\\circ$,&nbsp;<br />\r\n$\\sin B = \\frac{3}{7}$, $AB = 21$.</	2	[{"changed": {"fields": ["Task template"]}}]	11	1
124	2026-02-16 21:22:42.167533+03	35	35: <p>В треугольнике $ABC$ угол $C$ равен $90^\\circ$,&nbsp;<br />\r\n$\\sin B = \\frac{3}{7}$, $AB = 21$.</	2	[{"changed": {"fields": ["Task template"]}}]	11	1
125	2026-02-16 21:23:01.236951+03	35	35: <p>В треугольнике $ABC$ угол $C$ равен $90^\\circ$,&nbsp;<br />\r\n$\\sin B = \\frac{3}{7}$, $AB = 21$.На	2	[{"changed": {"fields": ["Task template"]}}]	11	1
126	2026-02-16 21:23:29.881133+03	35	35: <p>В треугольнике $ABC$ угол $C$ равен $90^\\circ$,&nbsp; $\\sin B = \\frac{3}{7}$, $AB = 21$.Найдите $	2	[{"changed": {"fields": ["Task template"]}}]	11	1
127	2026-02-16 21:23:41.758817+03	35	35: <p>В треугольнике $ABC$ угол $C$ равен $90^\\circ$,&nbsp; $\\sin B = \\frac{3}{7}$, $AB = 21$.Найдите $	2	[{"changed": {"fields": ["Task template"]}}]	11	1
128	2026-02-16 21:23:58.628092+03	35	35: <p>В треугольнике $ABC$ угол $C$ равен $90^\\circ$,&nbsp; $\\sin B = \\frac{3}{7}$, $AB = 21$.Найдите $	2	[{"changed": {"fields": ["Task template"]}}]	11	1
129	2026-02-16 21:24:10.12081+03	35	35: <p><img src="data:image/png;base64,iVBORw0KGgoAAAANSUhEUgAAAG8AAACUCAYAAACdkHe6AAABTGlDQ1BJQ0MgUHJvZ	2	[{"changed": {"fields": ["Task template"]}}]	11	1
130	2026-02-16 21:24:25.141045+03	35	35: <p><img src="data:image/png;base64,iVBORw0KGgoAAAANSUhEUgAAAG8AAACUCAYAAACdkHe6AAABTGlDQ1BJQ0MgUHJvZ	2	[{"changed": {"fields": ["Task template"]}}]	11	1
131	2026-02-16 21:24:43.69403+03	35	35: <p><img src="data:image/png;base64,iVBORw0KGgoAAAANSUhEUgAAAG8AAACUCAYAAACdkHe6AAABTGlDQ1BJQ0MgUHJvZ	2	[{"changed": {"fields": ["Task template"]}}]	11	1
132	2026-02-16 21:25:02.559534+03	35	35: <p><img src="data:image/png;base64,iVBORw0KGgoAAAANSUhEUgAAAG8AAACUCAYAAACdkHe6AAABTGlDQ1BJQ0MgUHJvZ	2	[{"changed": {"fields": ["Task template"]}}]	11	1
133	2026-02-16 21:25:14.59697+03	35	35: <p><img src="data:image/png;base64,iVBORw0KGgoAAAANSUhEUgAAAG8AAACUCAYAAACdkHe6AAABTGlDQ1BJQ0MgUHJvZ	2	[{"changed": {"fields": ["Task template"]}}]	11	1
134	2026-02-16 21:25:25.469299+03	35	35: <p><img src="data:image/png;base64,iVBORw0KGgoAAAANSUhEUgAAAG8AAACUCAYAAACdkHe6AAABTGlDQ1BJQ0MgUHJvZ	2	[{"changed": {"fields": ["Task template"]}}]	11	1
135	2026-02-16 21:25:53.127563+03	36	36: <p><img src="data:image/png;base64,iVBORw0KGgoAAAANSUhEUgAAAJMAAACLCAYAAABlYKvjAAABTGlDQ1BJQ0MgUHJvZ	2	[{"changed": {"fields": ["Task template"]}}]	11	1
136	2026-02-16 21:26:31.764206+03	36	36: <p><img src="data:image/png;base64,iVBORw0KGgoAAAANSUhEUgAAAJMAAACLCAYAAABlYKvjAAABTGlDQ1BJQ0MgUHJvZ	2	[{"changed": {"fields": ["Task template"]}}]	11	1
137	2026-02-16 21:26:42.089397+03	36	36: <p>Касательные в точках A и B к окружности с центром O пересекаются под углом 72&deg;. Найдите угол 	2	[{"changed": {"fields": ["Task template"]}}]	11	1
138	2026-02-16 21:26:51.231654+03	36	36: <p>Касательные в точках A и B к окружности с центром O пересекаются под углом 72&deg;. Найдите угол 	2	[{"changed": {"fields": ["Task template"]}}]	11	1
139	2026-02-16 21:27:01.702467+03	36	36: <p>Касательные в точках A и B к окружности с центром O пересекаются под углом 72&deg;. Найдите угол 	2	[{"changed": {"fields": ["Task template"]}}]	11	1
140	2026-02-16 21:27:12.368924+03	36	36: <p>Касательные в точках A и B к окружности с центром O пересекаются под углом 72&deg;. Найдите угол 	2	[]	11	1
141	2026-02-16 21:27:36.522476+03	37	37: <p>Диагональ равнобедренной трапеции образует с её основанием угол 45&deg;. Найдите длину высоты тра	2	[{"changed": {"fields": ["Task template"]}}]	11	1
142	2026-02-16 21:27:47.944627+03	37	37: <p>Диагональ равнобедренной трапеции образует с её основанием угол 45&deg;. Найдите длину высоты тра	2	[{"changed": {"fields": ["Task template"]}}]	11	1
143	2026-02-16 21:27:53.386108+03	37	37: <p>Диагональ равнобедренной трапеции образует с её основанием угол 45&deg;. Найдите длину высоты тра	2	[]	11	1
144	2026-02-16 21:28:15.490567+03	38	38: <p>На клетчатой бумаге изображены два круга. Во сколько раз площадь большего круга больше площади ме	2	[{"changed": {"fields": ["Task template"]}}]	11	1
145	2026-02-16 21:28:29.454203+03	38	38: <p>На клетчатой бумаге изображены два круга. Во сколько раз площадь большего круга больше площади ме	2	[{"changed": {"fields": ["Task template"]}}]	11	1
146	2026-02-16 21:28:50.14232+03	38	38: <p>На клетчатой бумаге изображены два круга. Во сколько раз площадь большего круга больше площади ме	2	[{"changed": {"fields": ["Task template"]}}]	11	1
147	2026-02-16 21:29:07.302606+03	38	38: <p>На клетчатой бумаге изображены два круга. Во сколько раз площадь большего круга больше площади ме	2	[{"changed": {"fields": ["Task template"]}}]	11	1
148	2026-02-16 21:29:22.931988+03	38	38: <p>На клетчатой бумаге изображены два круга. Во сколько раз площадь большего круга больше площади ме	2	[]	11	1
149	2026-02-16 21:29:52.228668+03	39	39: <p>Какие из следующих утверждений являются истинными высказываниями?</p>\r\n\r\n<p>1) Через точку, не ле	2	[{"changed": {"fields": ["Task template"]}}]	11	1
150	2026-02-16 21:30:01.321931+03	39	39: <p>Какие из следующих утверждений являются истинными высказываниями?</p>\r\n\r\n<p>&nbsp;</p>\r\n\r\n<p>1) Ч	2	[{"changed": {"fields": ["Task template"]}}]	11	1
151	2026-02-16 21:30:46.510787+03	40	40: <p>Решите систему уравнений<br />\r\n\\[<br />\r\n\\begin{cases}<br />\r\n(x - 6)(y - 7) = 0, \\\\<br />\r\n\\dfr	2	[{"changed": {"fields": ["Task template", "Answer"]}}]	11	1
152	2026-02-16 21:30:56.482305+03	39	39: <p>Какие из следующих утверждений являются истинными высказываниями?</p>\r\n\r\n<p>&nbsp;</p>\r\n\r\n<p>1) Ч	2	[{"changed": {"fields": ["Task template"]}}]	11	1
153	2026-02-16 21:31:42.890145+03	41	41: <p>Имеются два сосуда, содержащие 10 кг и 16 кг раствора кислоты различной концентрации. Если их сли	2	[{"changed": {"fields": ["Task template", "Answer"]}}]	11	1
154	2026-02-16 21:32:47.785517+03	42	42: <p>Постройте график функции<br />\r\n\\[<br />\r\ny=\\frac{(x^2+3x)\\cdot |x|}{x+3}.<br />\r\n\\]<br />\r\nОпред	2	[{"changed": {"fields": ["Task template", "Answer"]}}]	11	1
155	2026-02-16 21:34:48.95988+03	43	43: <p>\\text{Отрезки } AB \\text{ и } DC \\text{ лежат на параллельных прямых, а отрезки } AC \\text{ и } B	2	[{"changed": {"fields": ["Task template", "Answer"]}}]	11	1
156	2026-02-16 21:35:05.131722+03	43	43: <p>\\textbf{23.} \\;<br />\r\n\\text{Отрезки } AB \\text{ и } DC \\text{ лежат на параллельных прямых, а от	2	[{"changed": {"fields": ["Task template"]}}]	11	1
157	2026-02-16 21:35:32.613134+03	43	43: <p>Отрезки AB и DC лежат на параллельных прямых, а отрезки AC и BD пересекаются в точке M. Найдите M	2	[{"changed": {"fields": ["Task template"]}}]	11	1
158	2026-02-16 21:35:47.566452+03	44	44: <p>На средней линии трапеции ABCD с основаниями AD и BC выбрали произвольную точку E. Докажите, что 	2	[{"changed": {"fields": ["Task template", "Answer"]}}]	11	1
159	2026-02-16 21:36:08.561824+03	45	45: <p>В параллелограмме ABCD проведена диагональ AC. Точка O является центром окружности, вписанной в т	2	[{"changed": {"fields": ["Task template", "Answer"]}}]	11	1
160	2026-02-16 21:36:39.22177+03	1	inf: 1 - Кодирование текста (Unicode)	2	[{"changed": {"fields": ["Part"]}}]	12	1
161	2026-02-16 21:36:43.387341+03	2	inf: 2 - Декодирование	2	[{"changed": {"fields": ["Part"]}}]	12	1
162	2026-02-16 21:41:03.879565+03	11	inf: 11 - Поиск информации в тексте	2	[{"changed": {"fields": ["Part"]}}]	12	1
163	2026-02-16 21:41:13.131604+03	12	inf: 12 - Работа с файловой структурой	2	[{"changed": {"fields": ["Part"]}}]	12	1
164	2026-02-16 21:41:22.942243+03	13	inf: 13 - Создание презентации / форматирование текста	2	[{"changed": {"fields": ["Part"]}}]	12	1
165	2026-02-16 21:41:29.899495+03	14	inf: 14 - Работа с электронной таблицей	2	[{"changed": {"fields": ["Part"]}}]	12	1
166	2026-02-16 21:41:42.61422+03	15	inf: 15 - Алгоритм для исполнителя Робот	2	[{"changed": {"fields": ["Part"]}}]	12	1
167	2026-02-16 21:41:50.679467+03	16	inf: 16 - Программирование: обработка числовой последовательности	2	[{"changed": {"fields": ["Part"]}}]	12	1
168	2026-02-16 21:41:57.470291+03	36	math: 20 - Система уравнений	2	[{"changed": {"fields": ["Part"]}}]	12	1
169	2026-02-16 21:42:01.392425+03	37	math: 21 - Смеси и проценты	2	[{"changed": {"fields": ["Part"]}}]	12	1
170	2026-02-16 21:42:05.565946+03	39	math: 23 - Подобие треугольников	2	[{"changed": {"fields": ["Part"]}}]	12	1
171	2026-02-16 21:42:07.968007+03	39	math: 23 - Подобие треугольников	2	[]	12	1
172	2026-02-16 21:42:10.593415+03	40	math: 24 - Доказательство: площади в трапеции	2	[{"changed": {"fields": ["Part"]}}]	12	1
173	2026-02-16 21:42:14.747944+03	41	math: 25 - Площадь параллелограмма через вписанную окружность	2	[{"changed": {"fields": ["Part"]}}]	12	1
174	2026-02-16 21:42:17.580195+03	40	math: 24 - Доказательство: площади в трапеции	2	[]	12	1
175	2026-02-16 22:21:15.73734+03	1	math_base	2	[{"changed": {"fields": ["Subject short", "Subject name"]}}]	8	1
176	2026-02-16 22:21:28.315072+03	3	math_prof	1	[{"added": {}}]	8	1
177	2026-02-16 22:21:32.698205+03	4	math	1	[{"added": {}}]	8	1
178	2026-02-16 22:33:57.647945+03	63	math_base: 21 - Развернутое решение 2	3		12	1
179	2026-02-16 22:33:57.648026+03	62	math_base: 20 - Развернутое решение 1	3		12	1
180	2026-02-16 22:33:57.648046+03	61	math_base: 19 - Практическая задача	3		12	1
181	2026-02-16 22:33:57.648062+03	60	math_base: 18 - Системы уравнений	3		12	1
182	2026-02-16 22:33:57.648081+03	59	math_base: 17 - Логарифмы	3		12	1
183	2026-02-16 22:33:57.648098+03	58	math_base: 16 - Вероятность	3		12	1
184	2026-02-16 22:33:57.648114+03	57	math_base: 15 - Площади и объёмы	3		12	1
185	2026-02-16 22:33:57.64813+03	56	math_base: 14 - Исследование функции	3		12	1
186	2026-02-16 22:33:57.648144+03	55	math_base: 13 - Производная	3		12	1
187	2026-02-16 22:33:57.648159+03	54	math_base: 12 - Прогрессии	3		12	1
188	2026-02-16 22:33:57.648173+03	53	math_base: 11 - Текстовая задача	3		12	1
189	2026-02-16 22:33:57.648187+03	52	math_base: 10 - Тригонометрия	3		12	1
190	2026-02-16 22:33:57.648201+03	51	math_base: 9 - Стереометрия	3		12	1
191	2026-02-16 22:33:57.64822+03	50	math_base: 8 - Планиметрия	3		12	1
192	2026-02-16 22:33:57.648237+03	49	math_base: 7 - Функции и графики	3		12	1
193	2026-02-16 22:33:57.648252+03	48	math_base: 6 - Неравенства	3		12	1
194	2026-02-16 22:33:57.648269+03	47	math_base: 5 - Уравнения	3		12	1
195	2026-02-16 22:33:57.648283+03	46	math_base: 4 - Преобразование выражений	3		12	1
196	2026-02-16 22:33:57.6483+03	45	math_base: 3 - Степени и корни	3		12	1
197	2026-02-16 22:33:57.648313+03	44	math_base: 2 - Арифметика	3		12	1
198	2026-02-16 22:33:57.648326+03	43	math_base: 1 - Проценты	3		12	1
199	2026-02-16 22:34:14.298219+03	4	math	3		8	1
200	2026-02-16 22:34:25.669911+03	1	math	2	[{"changed": {"fields": ["Subject short", "Subject name"]}}]	8	1
201	2026-02-16 22:34:37.455809+03	5	math_base	1	[{"added": {}}]	8	1
202	2026-02-16 22:43:07.188365+03	46	46: <p>Четырёхугольник $ABCD$ вписан в окружность. &nbsp;<br />\r\nУгол $ADC$ равен $103^\\circ$, угол $CAD	1	[{"added": {}}]	11	1
203	2026-02-16 22:43:30.965911+03	46	46: <p>Четырёхугольник $ABCD$ вписан в окружность. Угол $ADC$ равен $103^\\circ$, угол $CAD$ равен $42^\\c	2	[{"changed": {"fields": ["Task template"]}}]	11	1
204	2026-02-16 22:43:49.581945+03	46	46: <p>Четырёхугольник $ABCD$ вписан в окружность. Угол $ADC$ равен $103^\\circ$, угол $CAD$ равен $42^\\c	2	[{"changed": {"fields": ["Task template"]}}]	11	1
205	2026-02-16 22:44:06.601479+03	46	46: <p>Четырёхугольник $ABCD$ вписан в окружность. Угол $ADC$ равен $103^\\circ$, угол $CAD$ равен $42^\\c	2	[{"changed": {"fields": ["Task template"]}}]	11	1
206	2026-02-16 22:45:36.154801+03	47	47: <p>На координатной плоскости изображены векторы $\\vec{a}$ и $\\vec{b}$. &nbsp;<br />\r\nНайдите скалярн	1	[{"added": {}}]	11	1
207	2026-02-16 22:46:50.256654+03	47	47: <p>На координатной плоскости изображены векторы $\\vec{a}$ и $\\vec{b}$. &nbsp;<br />\r\nНайдите скалярн	2	[]	11	1
208	2026-02-16 22:47:49.201559+03	48	48: <p>Одна цилиндрическая кружка вдвое выше второй, зато вторая в полтора раза шире. Найдите отношение 	1	[{"added": {}}]	11	1
209	2026-02-16 23:03:56.61599+03	47	47: <p>На координатной плоскости изображены векторы $\\vec{a}$ и $\\vec{b}$. &nbsp;<br />\r\nНайдите скалярн	2	[{"changed": {"fields": ["Task template"]}}]	11	1
210	2026-02-16 23:04:09.245084+03	48	48: <p>Одна цилиндрическая кружка вдвое выше второй, зато вторая в полтора раза шире. Найдите отношение 	2	[{"changed": {"fields": ["Task template"]}}]	11	1
211	2026-02-16 23:05:46.552692+03	60	60: <p>Из пары натуральных чисел $(a; b)$, где $a > b$, за один ход получают пару $(a+b; a-b)$.</p><p>а)	3		11	1
212	2026-02-16 23:05:46.552742+03	59	59: <p>Найдите все значения $a$, при каждом из которых система уравнений $$\\begin{cases}(x^2 - 5x - y + 	3		11	1
213	2026-02-16 23:05:46.552759+03	58	58: <p>Пятиугольник $ABCDE$ вписан в окружность. Известно, что $AB = CD = 3$, $BC = DE = 4$.</p><p>а) До	3		11	1
214	2026-02-16 23:05:46.552773+03	57	57: <p>В июле 2026 года планируется взять кредит на десять лет в размере 800 тыс. рублей. Условия его во	3		11	1
329	2026-02-18 15:21:22.854464+03	1247	Вариант 78 задание 2 (Информатика oge)	3		14	1
215	2026-02-16 23:05:46.552786+03	56	56: <p>Решите неравенство $$\\frac{\\log_2^2(x-2) - \\log_2(x+1)}{\\log_2(x) + \\log_2(x+1)} \\geq 0.$$</p>	3		11	1
216	2026-02-16 23:05:46.5528+03	55	55: <p>а) Решите уравнение $$2\\sin^3 x = \\sqrt{2}\\cos^2 x + 2\\sin x.$$</p><p>б) Укажите корни этого урав	3		11	1
217	2026-02-16 23:05:46.552812+03	54	54: <p>Найдите точку максимума функции $y = 9 \\cdot \\ln(x-4) - 9x - 7$.</p>	3		11	1
218	2026-02-16 23:05:46.552825+03	53	53: <p>От пристани $A$ к пристани $B$, расстояние между которыми равно 323 км, отправился с постоянной с	3		11	1
219	2026-02-16 23:05:46.552838+03	52	52: <p>Мотоциклист, движущийся по городу со скоростью $v_0 = 90$ км/ч, выезжает из него и сразу после вы	3		11	1
220	2026-02-16 23:05:46.552851+03	51	51: <p>Найдите корень уравнения $(3-x)^3 = 81$.</p>	3		11	1
221	2026-02-16 23:05:46.552863+03	50	50: <p>В группе туристов 15 человек. Их вертолётом доставляют в труднодоступный район по 5 человек за ре	3		11	1
222	2026-02-16 23:05:46.552876+03	49	49: <p>Одна цилиндрическая кружка вдвое выше второй, зато вторая в полтора раза шире. Найдите отношение 	3		11	1
223	2026-02-16 23:05:46.552889+03	48	48: <p>Одна цилиндрическая кружка вдвое выше второй, зато вторая в полтора раза шире. Найдите отношение 	3		11	1
224	2026-02-16 23:05:46.552901+03	47	47: <p>На координатной плоскости изображены векторы $\\vec{a}$ и $\\vec{b}$. &nbsp;<br />\r\nНайдите скалярн	3		11	1
225	2026-02-16 23:05:46.552914+03	46	46: <p>Четырёхугольник $ABCD$ вписан в окружность. Угол $ADC$ равен $103^\\circ$, угол $CAD$ равен $42^\\c	3		11	1
226	2026-02-16 23:13:48.230197+03	5	math_base	3		8	1
227	2026-02-16 23:13:48.230291+03	3	math_prof	3		8	1
228	2026-02-16 23:15:45.994128+03	21	21: <p><img src="data:image/png;base64,iVBORw0KGgoAAAANSUhEUgAAAoIAAAD0CAYAAAAPFEfgAAABS2lDQ1BJQ0MgUHJvZ	2	[{"changed": {"fields": ["Task template"]}}]	11	1
229	2026-02-16 23:31:06.431303+03	114	114: <p>На доске записано $10$ натуральных чисел, среди которых нет одинаковых. Оказалось, что среднее ар	2	[{"changed": {"fields": ["Task", "Task template"]}}]	11	1
230	2026-02-16 23:31:23.252954+03	113	113: <p>Из пары натуральных чисел $(a; b)$, где $a &gt; b$, за один ход получают пару $(a + b; a - b)$. а	2	[{"changed": {"fields": ["Task", "Task template"]}}]	11	1
231	2026-02-17 10:55:58.084215+03	61	math ege: 1 - Планиметрия: углы и площади фигур	2	[{"changed": {"fields": ["Level"]}}]	12	1
232	2026-02-17 10:56:03.856495+03	62	math ege: 2 - Планиметрия: трапеция и векторы	2	[{"changed": {"fields": ["Level"]}}]	12	1
233	2026-02-17 10:56:11.77386+03	63	math ege: 3 - Стереометрия: объёмы тел	2	[{"changed": {"fields": ["Level"]}}]	12	1
234	2026-02-17 10:56:17.191829+03	64	math ege: 4 - Вероятность: классическая и сложение событий	2	[{"changed": {"fields": ["Level"]}}]	12	1
235	2026-02-17 10:56:22.433332+03	65	math ege: 5 - Вероятность: независимые события и комбинаторика	2	[{"changed": {"fields": ["Level"]}}]	12	1
236	2026-02-17 10:56:27.972771+03	66	math ege: 6 - Уравнения: показательные, иррациональные, логарифмические	2	[{"changed": {"fields": ["Level"]}}]	12	1
237	2026-02-17 10:56:33.025783+03	67	math ege: 7 - Вычисления: тригонометрия, логарифмы, степени	2	[{"changed": {"fields": ["Level"]}}]	12	1
238	2026-02-17 10:56:36.856366+03	69	math ege: 9 - Текстовые задачи на движение и физические формулы	2	[{"changed": {"fields": ["Level"]}}]	12	1
239	2026-02-17 10:56:41.124506+03	70	math ege: 10 - Текстовые задачи на движение, смеси и работу	2	[{"changed": {"fields": ["Level"]}}]	12	1
240	2026-02-17 10:56:44.571849+03	71	math ege: 11 - Графики функций: гипербола, парабола, показательная	2	[{"changed": {"fields": ["Level"]}}]	12	1
241	2026-02-17 10:56:49.358651+03	72	math ege: 12 - Производная: точки экстремума функции	2	[{"changed": {"fields": ["Level"]}}]	12	1
242	2026-02-17 10:56:51.50777+03	73	math ege: 13 - Тригонометрические уравнения с отбором корней	2	[]	12	1
243	2026-02-17 10:57:11.625451+03	68	math ege: 8 - Производная: применение графика производной	2	[{"changed": {"fields": ["Level"]}}]	12	1
244	2026-02-17 10:58:32.776577+03	114	114: <p>На доске записано $10$ натуральных чисел, среди которых нет одинаковых. Оказалось, что среднее ар	3		11	1
245	2026-02-17 10:58:32.776672+03	113	113: <p>Из пары натуральных чисел $(a; b)$, где $a &gt; b$, за один ход получают пару $(a + b; a - b)$. а	3		11	1
246	2026-02-17 10:58:32.776695+03	112	112: Найдите все значения $a$, при каждом из которых уравнение $\\left(x - a^2 + x + 1\\right)^2 - 7\\left(x	3		11	1
247	2026-02-17 10:58:32.776715+03	111	111: Найдите все значения $a$, при каждом из которых система уравнений $\\begin{cases} (x^2 - 5x - y + 3) 	3		11	1
248	2026-02-17 10:58:32.776733+03	110	110: В параллелограмме $ABCD$ с острым углом $BAD$ из вершины $B$ проведены высоты $BP$ и $BQ$, причём то	3		11	1
249	2026-02-17 10:58:32.776752+03	109	109: Пятиугольник $ABCDE$ вписан в окружность. Известно, что $AB = CD = 3$, $BC = DE = 4$. а) Докажите, ч	3		11	1
250	2026-02-17 10:58:32.77677+03	108	108: 15 декабря 2026 года планируется взять кредит в банке на сумму $A$ млн рублей на $24$ месяца. Услови	3		11	1
251	2026-02-17 10:58:32.776788+03	107	107: В июле 2026 года планируется взять кредит на десять лет в размере $800$ тыс. рублей. Условия его воз	3		11	1
252	2026-02-17 10:58:32.776805+03	106	106: Решите неравенство $\\frac{\\log_2(2-x) - \\log_2(x+1)}{\\log_2^2 x^2 + \\log_2 x^4 + 1} \\geq 0$.	3		11	1
253	2026-02-17 10:58:32.776823+03	105	105: В правильной четырёхугольной пирамиде $SABCD$ через ребро $AB$ провели плоскость $\\alpha$, образующу	3		11	1
254	2026-02-17 10:58:32.776842+03	104	104: В правильном тетраэдре $ABCD$ точки $M$ и $N$ — середины рёбер $AB$ и $CD$ соответственно. Плоскость	3		11	1
255	2026-02-17 10:58:32.776859+03	103	103: а) Решите уравнение $2 + 2\\cos(\\pi - 2x) + \\sqrt{8}\\sin x = \\sqrt{6} + \\sqrt{12}\\sin x$. б) Найдите 	3		11	1
256	2026-02-17 10:58:32.776878+03	102	102: а) Решите уравнение $2\\sin^3 x = \\sqrt{2}\\cos^2 x + 2\\sin x$. б) Укажите корни этого уравнения, прин	3		11	1
257	2026-02-17 10:58:32.776897+03	101	101: Найдите точку максимума функции $y = x^3 + 27x^2 + 11$.	3		11	1
258	2026-02-17 10:58:32.776914+03	100	100: Найдите точку минимума функции $y = -\\frac{x}{x^2 + 256}$.	3		11	1
259	2026-02-17 10:58:32.776931+03	99	99: Найдите точку максимума функции $y = (x + 8)^2 \\cdot e^{3-x}$.	3		11	1
260	2026-02-17 10:58:32.776949+03	98	98: Найдите точку максимума функции $y = 9\\ln(x - 4) - 9x - 7$.	3		11	1
261	2026-02-17 10:58:32.776967+03	97	97: На рисунке изображён график функции вида $f(x) = a^x$. Найдите значение $f(5)$.	3		11	1
262	2026-02-17 10:58:32.776985+03	96	96: На рисунке изображены графики функций $f(x) = ax^2 + bx + c$ и $g(x) = kx$, пересекающиеся в точках 	3		11	1
263	2026-02-17 10:58:32.777003+03	95	95: На рисунке изображён график функции вида $f(x) = \\frac{k}{x}$. Найдите значение $f(30)$.	3		11	1
264	2026-02-17 10:58:32.777021+03	94	94: Первая труба пропускает на $5$ литров воды в минуту меньше, чем вторая. Сколько литров воды в минуту	3		11	1
265	2026-02-17 10:58:32.777038+03	93	93: Смешав $45%$-й и $97%$-й растворы кислоты и добавив $10$ кг чистой воды, получили $62%$-й раствор ки	3		11	1
266	2026-02-17 10:58:32.777057+03	92	92: От пристани A к пристани B, расстояние между которыми равно $323$ км, отправился с постоянной скорос	3		11	1
267	2026-02-17 10:58:32.777076+03	91	91: Автомобиль разгоняется на прямолинейном участке шоссе с постоянным ускорением $a$ (в км/ч²). Скорост	3		11	1
268	2026-02-17 10:58:32.777094+03	90	90: Перед отправкой тепловоз издал гудок с частотой $f_0 = 295$ Гц. Чуть позже гудок издал подъезжающий 	3		11	1
269	2026-02-17 10:58:32.777114+03	89	89: Мотоциклист, движущийся по городу со скоростью $v_0 = 90$ км/ч, выезжает из него и сразу после выезд	3		11	1
270	2026-02-17 10:58:32.777132+03	88	88: На рисунке изображены график функции $y = f(x)$ и касательная к нему в точке с абсциссой $x_0$. Найд	3		11	1
271	2026-02-17 10:58:32.77715+03	87	87: На рисунке изображён график $y = f'(x)$ — производной функции $f(x)$, определённой на интервале $(-1	3		11	1
272	2026-02-17 10:58:32.777168+03	86	86: На рисунке изображён график $y = f'(x)$ производной функции $f(x)$. На оси абсцисс отмечено десять т	3		11	1
273	2026-02-17 10:58:32.777188+03	85	85: Найдите значение выражения $\\frac{25^{2\\sqrt{8}+3}}{5^{-3-4\\sqrt{8}}}$.	3		11	1
274	2026-02-17 10:58:32.777206+03	84	84: Найдите значение выражения $\\log_3 2 \\cdot \\log_2 3$.	3		11	1
275	2026-02-17 10:58:32.777226+03	83	83: Найдите значение выражения $3\\sin\\frac{13\\pi}{12}\\cos\\frac{13\\pi}{12}$.	3		11	1
276	2026-02-17 10:58:32.777244+03	82	82: Решите уравнение $\\sqrt{2x + 3} = x$. Если корней окажется несколько, то в ответе запишите наименьши	3		11	1
277	2026-02-17 10:58:32.777321+03	81	81: Найдите корень уравнения $\\log_{8}(5x + 47) = 3$.	3		11	1
278	2026-02-17 10:58:32.777342+03	80	80: Найдите корень уравнения $\\sqrt{44 - 5x} = 3$.	3		11	1
279	2026-02-17 10:58:32.77741+03	79	79: Найдите корень уравнения $\\left(\\frac{1}{3}\\right)^{3 - x} = 81$.	3		11	1
280	2026-02-17 10:58:32.777472+03	78	78: В торговом центре два одинаковых автомата продают кофе. Вероятность того, что к концу дня в первом а	3		11	1
281	2026-02-17 10:58:32.777508+03	77	77: При выпечке хлеба производится контрольное взвешивание свежей буханки. Известно, что вероятность тог	3		11	1
282	2026-02-17 10:58:32.777527+03	76	76: В коробке $5$ синих, $9$ красных и $11$ зелёных фломастеров. Случайным образом выбирают два фломасте	3		11	1
283	2026-02-17 10:58:32.777546+03	75	75: Помещение освещается тремя лампами. Вероятность перегорания каждой лампы в течение года равна $0,7$.	3		11	1
284	2026-02-17 10:58:32.777563+03	74	74: На конференцию приехали учёные из трёх стран: $3$ из Дании, $4$ из Венгрии и $3$ из Болгарии. Каждый	3		11	1
285	2026-02-17 10:58:32.777581+03	73	73: Из районного центра в деревню ежедневно ходит автобус. Вероятность того, что в понедельник в автобус	3		11	1
286	2026-02-17 10:58:32.777599+03	72	72: В группе туристов $50$ человек. Их вертолётом доставляют в труднодоступный район, перевозя по $5$ че	3		11	1
287	2026-02-17 10:58:32.777617+03	71	71: Около конуса описана сфера (сфера содержит окружность основания конуса и его вершину). Центр сферы н	3		11	1
288	2026-02-17 10:58:32.777652+03	70	70: В сосуде, имеющем форму конуса, уровень жидкости достигает $\\frac{1}{3}$ высоты. Объём жидкости раве	3		11	1
289	2026-02-17 10:58:32.777668+03	69	69: Найдите объём многогранника, вершинами которого являются вершины $A, B, C, D, A_1$ прямоугольного па	3		11	1
290	2026-02-17 10:58:32.777715+03	68	68: Одна цилиндрическая кружка вдвое выше второй, зато вторая в полтора раза шире. Найдите отношение объ	3		11	1
330	2026-02-18 15:21:22.854475+03	1222	Вариант 77 задание 21 (Математика oge)	3		14	1
291	2026-02-17 10:58:32.777733+03	67	67: Даны векторы $\\vec{a}(5; 4)$ и $\\vec{b}(8; -9)$. Найдите скалярное произведение $\\vec{a}\\cdot\\vec{b}	3		11	1
292	2026-02-17 10:58:32.777771+03	66	66: Даны векторы $\\vec{a}(2; 0)$ и $\\vec{b}(1; 4)$. Найдите длину вектора $\\vec{a} + 3\\vec{b}$.	3		11	1
293	2026-02-17 10:58:32.777788+03	65	65: На координатной плоскости изображены векторы $\\vec{a}$ и $\\vec{b}$. Найдите скалярное произведение $	3		11	1
294	2026-02-17 10:58:32.777805+03	64	64: Основания трапеции равны $4$ и $10$. Найдите больший из отрезков, на которые делит среднюю линию это	3		11	1
295	2026-02-17 10:58:32.777823+03	63	63: Острый угол $B$ прямоугольного треугольника $ABC$ равен $65^\\circ$. Найдите величину угла между высо	3		11	1
296	2026-02-17 10:58:32.77784+03	62	62: Площадь параллелограмма $ABCD$ равна $24$. Точка $E$ — середина стороны $AD$. Найдите площадь трапец	3		11	1
297	2026-02-17 10:58:32.777858+03	61	61: Четырёхугольник $ABCD$ вписан в окружность. Угол $ABC$ равен $103^\\circ$, угол $CAD$ равен $42^\\circ	3		11	1
298	2026-02-17 10:59:14.504711+03	21	21: <p><img src="data:image/png;base64,iVBORw0KGgoAAAANSUhEUgAAAoIAAAD0CAYAAAAPFEfgAAABS2lDQ1BJQ0MgUHJvZ	2	[]	11	1
299	2026-02-18 00:12:27.026262+03	33	33: <p>Укажите неравенство, решение которого изображено на рисунке.</p>\r\n\r\n<p><img src="data:image/png;b	2	[{"changed": {"fields": ["Task template"]}}]	11	1
300	2026-02-18 00:13:22.806394+03	33	33: <p>Укажите неравенство, решение которого изображено на рисунке.</p>\r\n\r\n<p><img src="data:image/png;b	2	[{"changed": {"fields": ["Task template"]}}]	11	1
301	2026-02-18 00:14:22.894098+03	33	33: <p>Укажите неравенство, решение которого изображено на рисунке.</p>\r\n\r\n<p><img src="data:image/png;b	2	[{"changed": {"fields": ["Task template"]}}]	11	1
302	2026-02-18 00:15:06.87132+03	33	33: <p>Укажите неравенство, решение которого изображено на рисунке.</p>\r\n\r\n<p><img src="data:image/png;b	2	[{"changed": {"fields": ["Task template"]}}]	11	1
303	2026-02-18 00:21:52.078218+03	33	33: <p>Укажите неравенство, решение которого изображено на рисунке.</p>\r\n\r\n<p><img src="data:image/png;b	2	[{"changed": {"fields": ["Task template"]}}]	11	1
304	2026-02-18 00:22:52.928049+03	33	33: <p>Укажите неравенство, решение которого изображено на рисунке.</p>\r\n\r\n<p><img src="data:image/png;b	2	[{"changed": {"fields": ["Task template"]}}]	11	1
305	2026-02-18 00:30:04.369407+03	40	40: <p>Решите систему уравнений</p>\r\n\r\n<p><br />\r\n\\[<br />\r\n\\begin{cases}<br />\r\n(x - 6)(y - 7) = 0, \\\\<	2	[{"changed": {"fields": ["Task template"]}}]	11	1
306	2026-02-18 00:30:22.522105+03	38	38: <p>На клетчатой бумаге изображены два круга. Во сколько раз площадь большего круга больше площади ме	2	[{"changed": {"fields": ["Task template"]}}]	11	1
307	2026-02-18 00:30:56.840815+03	38	38: <p>На клетчатой бумаге изображены два круга. Во сколько раз площадь большего круга больше площади ме	2	[{"changed": {"fields": ["Task template"]}}]	11	1
308	2026-02-18 00:32:44.730171+03	35	35: <p>В треугольнике $ABC$ угол $C$ равен $90^\\circ$,&nbsp; $\\sin B = \\frac{3}{7}$, $AB = 21$.Найдите $	2	[{"changed": {"fields": ["Task template"]}}]	11	1
309	2026-02-18 00:33:25.283636+03	36	36: <p>Касательные в точках A и B к окружности с центром O пересекаются под углом 72&deg;. Найдите угол 	2	[{"changed": {"fields": ["Task template"]}}]	11	1
310	2026-02-18 00:34:16.312046+03	38	38: <p>На клетчатой бумаге изображены два круга. Во сколько раз площадь большего круга больше площади ме	2	[{"changed": {"fields": ["Task template"]}}]	11	1
311	2026-02-18 00:35:18.555483+03	35	35: <p>В треугольнике $ABC$ угол $C$ равен $90^\\circ$,&nbsp; $\\sin B = \\frac{3}{7}$, $AB = 21$.Найдите $	2	[{"changed": {"fields": ["Task template"]}}]	11	1
312	2026-02-18 00:36:34.477348+03	38	38: <p>На клетчатой бумаге изображены два круга. Во сколько раз площадь большего круга больше площади ме	2	[{"changed": {"fields": ["Task template"]}}]	11	1
313	2026-02-18 00:37:39.196763+03	35	35: <p>В треугольнике $ABC$ угол $C$ равен $90^\\circ$,&nbsp; $\\sin B = \\frac{3}{7}$, $AB = 21$.Найдите $	2	[{"changed": {"fields": ["Task template"]}}]	11	1
314	2026-02-18 00:38:07.650984+03	35	35: <p>В треугольнике $ABC$ угол $C$ равен $90^\\circ$,&nbsp; $\\sin B = \\frac{3}{7}$, $AB = 21$.</p>\r\n\r\n<	2	[{"changed": {"fields": ["Task template"]}}]	11	1
315	2026-02-18 00:45:51.167079+03	35	35: <p>В треугольнике $ABC$ угол $C$ равен $90^\\circ$,&nbsp; $\\sin B = \\frac{3}{7}$, $AB = 21$.</p>\r\n\r\n<	2	[{"changed": {"fields": ["Task template"]}}]	11	1
316	2026-02-18 00:46:28.199542+03	31	31: <p>Установите соответствие между функциями и их графиками.</p>\r\n\r\n<p><strong>ФУНКЦИИ</strong></p>\r\n\r	2	[{"changed": {"fields": ["Task template"]}}]	11	1
317	2026-02-18 15:21:22.854272+03	1495	Вариант 90 задание 21 (Математика oge)	3		14	1
318	2026-02-18 15:21:22.854335+03	1470	Вариант 89 задание 21 (Математика oge)	3		14	1
319	2026-02-18 15:21:22.854352+03	1454	Вариант 88 задание 2 (Информатика oge)	3		14	1
320	2026-02-18 15:21:22.854364+03	1429	Вариант 87 задание 21 (Математика oge)	3		14	1
321	2026-02-18 15:21:22.854377+03	1413	Вариант 86 задание 2 (Информатика oge)	3		14	1
322	2026-02-18 15:21:22.854388+03	1388	Вариант 85 задание 21 (Математика oge)	3		14	1
323	2026-02-18 15:21:22.854399+03	1368	Вариант 84 задание 21 (Математика oge)	3		14	1
324	2026-02-18 15:21:22.854409+03	1363	Вариант 83 задание 40 (Математика oge)	3		14	1
325	2026-02-18 15:21:22.85442+03	1338	Вариант 82 задание 21 (Математика oge)	3		14	1
326	2026-02-18 15:21:22.854431+03	1313	Вариант 81 задание 21 (Математика oge)	3		14	1
327	2026-02-18 15:21:22.854442+03	1288	Вариант 80 задание 21 (Математика oge)	3		14	1
328	2026-02-18 15:21:22.854453+03	1263	Вариант 79 задание 21 (Математика oge)	3		14	1
331	2026-02-18 15:21:22.854485+03	1197	Вариант 76 задание 21 (Математика oge)	3		14	1
332	2026-02-18 15:21:22.854496+03	1177	Вариант 75 задание 21 (Математика oge)	3		14	1
333	2026-02-18 15:21:22.854507+03	1171	Вариант 74 задание 15 (Информатика oge)	3		14	1
334	2026-02-18 15:21:22.854518+03	1155	Вариант 73 задание 2 (Информатика oge)	3		14	1
335	2026-02-18 15:21:22.854528+03	1139	Вариант 72 задание 2 (Информатика oge)	3		14	1
336	2026-02-18 15:21:22.854539+03	1123	Вариант 71 задание 2 (Информатика oge)	3		14	1
337	2026-02-18 15:21:22.85455+03	1098	Вариант 70 задание 21 (Математика oge)	3		14	1
338	2026-02-18 15:21:22.854561+03	1082	Вариант 69 задание 2 (Информатика oge)	3		14	1
339	2026-02-18 15:21:22.854571+03	1066	Вариант 68 задание 2 (Информатика oge)	3		14	1
340	2026-02-18 15:21:22.854582+03	1050	Вариант 67 задание 2 (Информатика oge)	3		14	1
341	2026-02-18 15:21:22.854592+03	1034	Вариант 66 задание 2 (Информатика oge)	3		14	1
342	2026-02-18 15:21:22.854603+03	1009	Вариант 65 задание 21 (Математика oge)	3		14	1
343	2026-02-18 15:21:22.854613+03	984	Вариант 63 задание 21 (Математика oge)	3		14	1
344	2026-02-18 15:21:22.854624+03	934	Вариант 59 задание 21 (Математика oge)	3		14	1
345	2026-02-18 15:21:22.854634+03	901	Вариант 53 задание 2 (Информатика oge)	3		14	1
346	2026-02-18 15:21:22.854645+03	876	Вариант 52 задание 21 (Математика oge)	3		14	1
347	2026-02-18 15:21:22.854656+03	860	Вариант 51 задание 2 (Информатика oge)	3		14	1
348	2026-02-18 15:21:22.854666+03	835	Вариант 50 задание 21 (Математика oge)	3		14	1
349	2026-02-18 15:21:22.854677+03	819	Вариант 49 задание 2 (Информатика oge)	3		14	1
350	2026-02-18 15:21:22.854688+03	803	Вариант 48 задание 2 (Информатика oge)	3		14	1
351	2026-02-18 15:21:22.854698+03	787	Вариант 47 задание 2 (Информатика oge)	3		14	1
352	2026-02-18 15:21:22.854708+03	771	Вариант 46 задание 2 (Информатика oge)	3		14	1
353	2026-02-18 15:21:22.854718+03	1496	Вариант 90 задание 22 (Математика oge)	3		14	1
354	2026-02-18 15:21:22.854729+03	1471	Вариант 89 задание 22 (Математика oge)	3		14	1
355	2026-02-18 15:21:22.85474+03	1455	Вариант 88 задание 3 (Информатика oge)	3		14	1
356	2026-02-18 15:21:22.854751+03	1430	Вариант 87 задание 22 (Математика oge)	3		14	1
357	2026-02-18 15:21:22.854761+03	1414	Вариант 86 задание 3 (Информатика oge)	3		14	1
358	2026-02-18 15:21:22.854772+03	1389	Вариант 85 задание 22 (Математика oge)	3		14	1
359	2026-02-18 15:21:22.854784+03	1369	Вариант 84 задание 22 (Математика oge)	3		14	1
360	2026-02-18 15:21:22.854795+03	1364	Вариант 83 задание 41 (Математика oge)	3		14	1
361	2026-02-18 15:21:22.854805+03	1339	Вариант 82 задание 22 (Математика oge)	3		14	1
362	2026-02-18 15:21:22.854816+03	1314	Вариант 81 задание 22 (Математика oge)	3		14	1
363	2026-02-18 15:21:22.854827+03	1289	Вариант 80 задание 22 (Математика oge)	3		14	1
364	2026-02-18 15:21:22.854838+03	1264	Вариант 79 задание 22 (Математика oge)	3		14	1
365	2026-02-18 15:21:22.854849+03	1248	Вариант 78 задание 3 (Информатика oge)	3		14	1
366	2026-02-18 15:21:22.854859+03	1223	Вариант 77 задание 22 (Математика oge)	3		14	1
367	2026-02-18 15:21:22.854869+03	1198	Вариант 76 задание 22 (Математика oge)	3		14	1
368	2026-02-18 15:21:22.85488+03	1178	Вариант 75 задание 22 (Математика oge)	3		14	1
369	2026-02-18 15:21:22.85489+03	1172	Вариант 74 задание 16 (Информатика oge)	3		14	1
370	2026-02-18 15:21:22.854901+03	1156	Вариант 73 задание 3 (Информатика oge)	3		14	1
371	2026-02-18 15:21:22.854911+03	1140	Вариант 72 задание 3 (Информатика oge)	3		14	1
372	2026-02-18 15:21:22.854921+03	1124	Вариант 71 задание 3 (Информатика oge)	3		14	1
373	2026-02-18 15:21:22.854932+03	1099	Вариант 70 задание 22 (Математика oge)	3		14	1
374	2026-02-18 15:21:22.854942+03	1083	Вариант 69 задание 3 (Информатика oge)	3		14	1
375	2026-02-18 15:21:22.854953+03	1067	Вариант 68 задание 3 (Информатика oge)	3		14	1
376	2026-02-18 15:21:22.854963+03	1051	Вариант 67 задание 3 (Информатика oge)	3		14	1
377	2026-02-18 15:21:22.854974+03	1035	Вариант 66 задание 3 (Информатика oge)	3		14	1
378	2026-02-18 15:21:22.854984+03	1010	Вариант 65 задание 22 (Математика oge)	3		14	1
379	2026-02-18 15:21:22.854995+03	985	Вариант 63 задание 22 (Математика oge)	3		14	1
380	2026-02-18 15:21:22.855005+03	935	Вариант 59 задание 22 (Математика oge)	3		14	1
381	2026-02-18 15:21:22.855016+03	902	Вариант 53 задание 3 (Информатика oge)	3		14	1
382	2026-02-18 15:21:22.855027+03	877	Вариант 52 задание 22 (Математика oge)	3		14	1
383	2026-02-18 15:21:22.855037+03	861	Вариант 51 задание 3 (Информатика oge)	3		14	1
384	2026-02-18 15:21:22.855049+03	836	Вариант 50 задание 22 (Математика oge)	3		14	1
385	2026-02-18 15:21:22.85506+03	820	Вариант 49 задание 3 (Информатика oge)	3		14	1
386	2026-02-18 15:21:22.85507+03	804	Вариант 48 задание 3 (Информатика oge)	3		14	1
387	2026-02-18 15:21:22.85508+03	788	Вариант 47 задание 3 (Информатика oge)	3		14	1
388	2026-02-18 15:21:22.855091+03	772	Вариант 46 задание 3 (Информатика oge)	3		14	1
389	2026-02-18 15:21:22.855102+03	1497	Вариант 90 задание 23 (Математика oge)	3		14	1
390	2026-02-18 15:21:22.855112+03	1472	Вариант 89 задание 23 (Математика oge)	3		14	1
391	2026-02-18 15:21:22.855122+03	1456	Вариант 88 задание 4 (Информатика oge)	3		14	1
392	2026-02-18 15:21:22.855133+03	1431	Вариант 87 задание 23 (Математика oge)	3		14	1
393	2026-02-18 15:21:22.855143+03	1415	Вариант 86 задание 4 (Информатика oge)	3		14	1
394	2026-02-18 15:21:22.855154+03	1390	Вариант 85 задание 23 (Математика oge)	3		14	1
395	2026-02-18 15:21:22.855165+03	1370	Вариант 84 задание 23 (Математика oge)	3		14	1
396	2026-02-18 15:21:22.855175+03	1365	Вариант 83 задание 43 (Математика oge)	3		14	1
397	2026-02-18 15:21:22.855187+03	1340	Вариант 82 задание 23 (Математика oge)	3		14	1
398	2026-02-18 15:21:22.855198+03	1315	Вариант 81 задание 23 (Математика oge)	3		14	1
399	2026-02-18 15:21:22.855208+03	1290	Вариант 80 задание 23 (Математика oge)	3		14	1
400	2026-02-18 15:21:22.855219+03	1265	Вариант 79 задание 23 (Математика oge)	3		14	1
401	2026-02-18 15:21:22.855229+03	1249	Вариант 78 задание 4 (Информатика oge)	3		14	1
402	2026-02-18 15:21:22.85524+03	1224	Вариант 77 задание 23 (Математика oge)	3		14	1
403	2026-02-18 15:21:22.855271+03	1199	Вариант 76 задание 23 (Математика oge)	3		14	1
404	2026-02-18 15:21:22.855281+03	1179	Вариант 75 задание 23 (Математика oge)	3		14	1
405	2026-02-18 15:21:22.855292+03	1173	Вариант 74 задание 17 (Информатика oge)	3		14	1
406	2026-02-18 15:21:22.855303+03	1157	Вариант 73 задание 4 (Информатика oge)	3		14	1
407	2026-02-18 15:21:22.855313+03	1141	Вариант 72 задание 4 (Информатика oge)	3		14	1
408	2026-02-18 15:21:22.855323+03	1125	Вариант 71 задание 4 (Информатика oge)	3		14	1
409	2026-02-18 15:21:22.855334+03	1100	Вариант 70 задание 23 (Математика oge)	3		14	1
410	2026-02-18 15:21:22.855346+03	1084	Вариант 69 задание 4 (Информатика oge)	3		14	1
411	2026-02-18 15:21:22.855356+03	1068	Вариант 68 задание 4 (Информатика oge)	3		14	1
412	2026-02-18 15:21:22.855366+03	1052	Вариант 67 задание 4 (Информатика oge)	3		14	1
413	2026-02-18 15:21:22.855376+03	1036	Вариант 66 задание 4 (Информатика oge)	3		14	1
414	2026-02-18 15:21:22.855386+03	1011	Вариант 65 задание 23 (Математика oge)	3		14	1
415	2026-02-18 15:21:22.855409+03	986	Вариант 63 задание 23 (Математика oge)	3		14	1
416	2026-02-18 15:21:22.855421+03	961	Вариант 62 задание 23 (Математика oge)	3		14	1
417	2026-02-18 15:21:37.756546+03	90	Вариант 90 -  math: oge	3		13	1
418	2026-02-18 15:21:37.756585+03	89	Вариант 89 -  math: oge	3		13	1
419	2026-02-18 15:21:37.756598+03	88	Вариант 88 -  inf: oge	3		13	1
420	2026-02-18 15:21:37.756609+03	87	Вариант 87 -  math: oge	3		13	1
421	2026-02-18 15:21:37.756621+03	86	Вариант 86 -  inf: oge	3		13	1
422	2026-02-18 15:21:37.756632+03	85	Вариант 85 -  math: oge	3		13	1
423	2026-02-18 15:21:37.756642+03	84	Вариант 84 -  math: oge	3		13	1
424	2026-02-18 15:21:37.756652+03	83	Вариант 83 -  math: oge	3		13	1
425	2026-02-18 15:21:37.756661+03	82	Вариант 82 -  math: oge	3		13	1
426	2026-02-18 15:21:37.756671+03	81	Вариант 81 -  math: oge	3		13	1
427	2026-02-18 15:21:37.756681+03	80	Вариант 80 -  math: oge	3		13	1
428	2026-02-18 15:21:37.756691+03	79	Вариант 79 -  math: oge	3		13	1
429	2026-02-18 15:21:37.756701+03	78	Вариант 78 -  inf: oge	3		13	1
430	2026-02-18 15:21:37.756711+03	77	Вариант 77 -  math: oge	3		13	1
431	2026-02-18 15:21:37.75672+03	76	Вариант 76 -  math: oge	3		13	1
432	2026-02-18 15:21:37.75673+03	75	Вариант 75 -  math: oge	3		13	1
433	2026-02-18 15:21:37.756739+03	74	Вариант 74 -  inf: oge	3		13	1
434	2026-02-18 15:21:37.75675+03	73	Вариант 73 -  inf: oge	3		13	1
435	2026-02-18 15:21:37.75676+03	72	Вариант 72 -  inf: oge	3		13	1
436	2026-02-18 15:21:37.75677+03	71	Вариант 71 -  inf: oge	3		13	1
437	2026-02-18 15:21:37.756781+03	70	Вариант 70 -  math: oge	3		13	1
438	2026-02-18 15:21:37.756791+03	69	Вариант 69 -  inf: oge	3		13	1
439	2026-02-18 15:21:37.7568+03	68	Вариант 68 -  inf: oge	3		13	1
440	2026-02-18 15:21:37.756811+03	67	Вариант 67 -  inf: oge	3		13	1
441	2026-02-18 15:21:37.756821+03	66	Вариант 66 -  inf: oge	3		13	1
442	2026-02-18 15:21:37.756831+03	65	Вариант 65 -  math: oge	3		13	1
443	2026-02-18 15:21:37.75684+03	64	Вариант 64 -  math: ege	3		13	1
444	2026-02-18 15:21:37.75685+03	63	Вариант 63 -  math: oge	3		13	1
445	2026-02-18 15:21:37.756859+03	62	Вариант 62 -  math: oge	3		13	1
446	2026-02-18 15:21:37.756869+03	61	Вариант 61 -  math: ege	3		13	1
447	2026-02-18 15:21:37.756878+03	60	Вариант 60 -  math: ege	3		13	1
448	2026-02-18 15:21:37.756888+03	59	Вариант 59 -  math: oge	3		13	1
449	2026-02-18 15:21:37.756898+03	54	Вариант 54 -  math: ege	3		13	1
450	2026-02-18 15:21:37.756908+03	53	Вариант 53 -  inf: oge	3		13	1
451	2026-02-18 15:21:37.756919+03	52	Вариант 52 -  math: oge	3		13	1
452	2026-02-18 15:21:37.756928+03	51	Вариант 51 -  inf: oge	3		13	1
453	2026-02-18 15:21:37.756938+03	50	Вариант 50 -  math: oge	3		13	1
454	2026-02-18 15:21:37.75695+03	49	Вариант 49 -  inf: oge	3		13	1
455	2026-02-18 15:21:37.756959+03	48	Вариант 48 -  inf: oge	3		13	1
456	2026-02-18 15:21:37.756969+03	47	Вариант 47 -  inf: oge	3		13	1
457	2026-02-18 15:21:37.756978+03	46	Вариант 46 -  inf: oge	3		13	1
458	2026-02-18 15:21:56.116965+03	36	math oge: 20 - Система уравнений	2	[]	12	1
459	2026-02-18 15:32:50.560715+03	35	35: <p>В треугольнике $ABC$ угол $C$ равен $90^\\circ$,&nbsp; $\\sin B = \\frac{3}{7}$, $AB = 21$.</p>\r\n\r\n<	2	[{"changed": {"fields": ["Task template"]}}]	11	1
460	2026-02-18 21:44:32.892154+03	42	42: <p>Постройте график функции<br />\r\n\\[<br />\r\ny=\\frac{(x^2+3x)\\cdot |x|}{x+3}.<br />\r\n\\]<br />\r\nОпред	2	[{"changed": {"fields": ["Task"]}}]	11	1
461	2026-02-18 21:45:53.169682+03	40	40: <pre>\r\nРешите систему уравнений:\r\n\r\n\\[\r\n\\begin{cases}\r\n(x - 6)(y - 7) = 0, \\\\[0.3cm]\r\n\\dfrac{y - 4}{	2	[{"changed": {"fields": ["Task template"]}}]	11	1
462	2026-02-18 21:48:04.155024+03	40	40: <p>Решите систему уравнений:</p>\r\n\r\n<p>\\begin{cases} (x-6)(y-7)=0, \\\\ \\dfrac{y-4}{x+y-10}=3. \\end{ca	2	[{"changed": {"fields": ["Task template"]}}]	11	1
463	2026-02-18 21:49:38.388565+03	40	40: <p>Решите систему уравнений:</p>\r\n\r\n<p>\\[<br />\r\n\\begin{cases}<br />\r\n(x - 6)(y - 7) = 0, \\\\<br />\r\n	2	[{"changed": {"fields": ["Task template"]}}]	11	1
464	2026-02-18 21:56:15.808257+03	40	40: <p>Решите систему уравнений:</p>\r\n\r\n<p>\\begin{cases} (x-6)(y-7)=0, \\\\ \\dfrac{y-4}{x+y-10}=3. \\end{ca	2	[{"changed": {"fields": ["Task template"]}}]	11	1
465	2026-02-18 21:56:43.434768+03	40	40: <p>Решите систему уравнений:</p>\r\n\r\n<p>\\begin{cases} (x-6)(y-7)=0, \\\\ \\dfrac{y-4}{x+y-10}=3. \\end{ca	2	[]	11	1
466	2026-02-18 21:58:12.410852+03	40	40: <p>Решите систему уравнений:</p>\r\n\r\n<p><img src="data:image/png;base64,iVBORw0KGgoAAAANSUhEUgAAANgAA	2	[{"changed": {"fields": ["Task template"]}}]	11	1
467	2026-02-18 21:59:23.763568+03	26	26: <p>Найдите значение выражения \\[<br />\r\n\\frac{1}{\\frac{1}{30} + \\frac{1}{42}}<br />\r\n\\]</p>	2	[{"changed": {"fields": ["Task template"]}}]	11	1
468	2026-02-18 22:23:49.548081+03	45	45: В параллелограмме ABCD проведена диагональ AC. Точка O является центром окружности, вписанной в треу	2	[{"changed": {"fields": ["Task template"]}}]	11	1
469	2026-02-18 22:31:03.626731+03	45	45: В параллелограмме ABCD проведена диагональ AC. Точка O является центром окружности, вписанной в треу	2	[{"changed": {"fields": ["Files"]}}]	11	1
470	2026-02-18 22:31:15.156904+03	45	45: В параллелограмме ABCD проведена диагональ AC. Точка O является центром окружности, вписанной в треу	2	[{"changed": {"fields": ["Files"]}}]	11	1
471	2026-02-18 22:40:28.362391+03	45	45: <figure class="image"><img style="aspect-ratio:808/632;" src="/media/2026-02-15%2021.24.47.jpg" widt	2	[{"changed": {"fields": ["Task text"]}}]	11	1
472	2026-02-18 22:43:20.722012+03	45	45: <figure class="image image-style-side image_resized" style="width:44.86%;"><img style="aspect-ratio:	2	[{"changed": {"fields": ["Task text"]}}]	11	1
473	2026-02-18 22:45:54.680282+03	45	45: <p>&nbsp;</p><p>&nbsp;</p><figure class="image image-style-side image_resized" style="width:30.46%;"	2	[{"changed": {"fields": ["Task text", "Files"]}}]	11	1
474	2026-02-18 22:51:54.709326+03	45	45: <p>&nbsp;</p><p>&nbsp;</p><figure class="image image-style-side image_resized" style="width:62.81%;"	2	[{"changed": {"fields": ["Task text"]}}]	11	1
475	2026-02-18 22:53:21.930605+03	45	45: <p>В параллелограмме ABCD проведена диагональ AC. Точка O является центром окружности, вписанной в т	2	[{"changed": {"fields": ["Task text"]}}]	11	1
476	2026-02-18 22:54:04.150021+03	45	45: <p>В параллелограмме ABCD проведена диагональ AC. Точка O является центром окружности, вписанной в т	2	[{"changed": {"fields": ["Task text"]}}]	11	1
477	2026-02-18 22:55:05.761827+03	40	40: <p>Решите систему уравнений:</p><p><img class="image_resized" style="aspect-ratio:216/109;width:40.0	2	[{"changed": {"fields": ["Task text"]}}]	11	1
478	2026-02-18 22:57:07.15467+03	45	45: <p>В параллелограмме ABCD проведена диагональ AC. Точка O является центром окружности, вписанной в т	2	[{"changed": {"fields": ["Task text"]}}]	11	1
479	2026-02-18 22:59:36.725482+03	21	21: <p><img src="data:image/png;base64,iVBORw0KGgoAAAANSUhEUgAAAoIAAAD0CAYAAAAPFEfgAAABS2lDQ1BJQ0MgUHJvZ	2	[{"changed": {"fields": ["Task text"]}}]	11	1
480	2026-02-18 23:00:37.048541+03	21	21: <p><img src="data:image/png;base64,iVBORw0KGgoAAAANSUhEUgAAAoIAAAD0CAYAAAAPFEfgAAABS2lDQ1BJQ0MgUHJvZ	2	[{"changed": {"fields": ["Task text"]}}]	11	1
481	2026-02-18 23:10:58.894516+03	21	21: <p><img src="data:image/png;base64,iVBORw0KGgoAAAANSUhEUgAAAoIAAAD0CAYAAAAPFEfgAAABS2lDQ1BJQ0MgUHJvZ	2	[{"changed": {"fields": ["Task text"]}}]	11	1
482	2026-02-18 23:15:57.580761+03	40	40: <p>Решите систему уравнений:</p><p>\\[<br>\\begin{cases}<br>(x - 6)(y - 7) = 0, \\\\<br>\\dfrac{y - 4}{x 	2	[{"changed": {"fields": ["Task text"]}}]	11	1
483	2026-02-18 23:16:52.011535+03	31	31: <p>Установите соответствие между функциями и их графиками.</p><p><strong>ФУНКЦИИ</strong></p><p>\\[<b	2	[{"changed": {"fields": ["Task text"]}}]	11	1
484	2026-02-18 23:18:05.310673+03	40	40: <p>Решите систему уравнений:</p><p>\\begin{cases}<br>(x - 6)(y - 7) = 0, \\\\<br>\\dfrac{y - 4}{x + y - 	2	[{"changed": {"fields": ["Task text"]}}]	11	1
485	2026-02-18 23:18:54.037096+03	40	40: <p>Решите систему уравнений:</p><p>\\[<br>\\begin{cases}<br>(x - 6)(y - 7) = 0, \\\\<br>\\dfrac{y - 4}{x 	2	[{"changed": {"fields": ["Task text"]}}]	11	1
486	2026-02-18 23:19:55.907456+03	40	40: <p>Решите систему уравнений:</p><figure class="image image-style-side"><img style="aspect-ratio:406/	2	[{"changed": {"fields": ["Task text"]}}]	11	1
487	2026-02-18 23:22:28.031319+03	40	40: <p>Решите систему уравнений:</p><figure class="image image-style-side image_resized" style="width:27	2	[{"changed": {"fields": ["Task text"]}}]	11	1
488	2026-02-18 23:24:22.039762+03	40	40: <p>Решите систему уравнений:</p><figure class="image image-style-side image_resized" style="width:33	2	[{"changed": {"fields": ["Task text"]}}]	11	1
489	2026-02-18 23:30:25.331907+03	40	40: <p>Решите систему уравнений:</p><figure class="image"><img style="aspect-ratio:1280/1280;" src="/med	2	[{"changed": {"fields": ["Task text"]}}]	11	1
490	2026-02-18 23:39:26.020694+03	40	40: <p>Решите систему уравнений:</p><figure class="image image_resized" style="width:41.53%;"><img style	2	[{"changed": {"fields": ["Task text"]}}]	11	1
491	2026-02-18 23:45:24.093553+03	40	40: <p>Решите систему уравнений:</p><figure class="image image_resized" style="width:41.53%;"><img style	2	[]	11	1
492	2026-02-18 23:48:20.175888+03	40	40: <p>Решите систему уравнений:<strong>Отладка:</strong>{\r\n &nbsp;"id": 40,\r\n &nbsp;"hasImage": false,\r	2	[{"changed": {"fields": ["Task text"]}}]	11	1
493	2026-02-18 23:49:25.301892+03	40	40: <p>Решите систему уравнений:</p><figure class="image"><img style="aspect-ratio:808/632;" src="/media	2	[{"changed": {"fields": ["Task text"]}}]	11	1
494	2026-02-18 23:55:23.998962+03	40	40: <p>Решите систему уравнений:</p><figure class="image image-style-side image_resized" style="width:34	2	[{"changed": {"fields": ["Task text"]}}]	11	1
495	2026-02-18 23:56:04.706315+03	40	40: <p>Решите систему уравнений:</p><figure class="image image-style-side image_resized" style="width:29	2	[{"changed": {"fields": ["Task text"]}}]	11	1
496	2026-02-19 00:47:54.09451+03	40	40: <p>Решите систему уравнений:</p><figure class="image image-style-side image_resized" style="width:39	2	[{"changed": {"fields": ["Task text", "Answer"]}}]	11	1
497	2026-02-19 00:48:00.468425+03	44	44: <p>На средней линии трапеции ABCD с основаниями AD и BC выбрали произвольную точку E. Докажите, что 	2	[]	11	1
498	2026-02-19 00:48:06.677883+03	43	43: <p>Отрезки AB и DC лежат на параллельных прямых, а отрезки AC и BD пересекаются в точке M. Найдите M	2	[{"changed": {"fields": ["Answer"]}}]	11	1
499	2026-02-19 11:47:04.515552+03	21	21: <figure class="image image-style-side"><img style="aspect-ratio:642/244;" src="data:image/png;base64	2	[{"changed": {"fields": ["Task text"]}}]	11	1
500	2026-02-19 21:26:40.293046+03	1	oge	1	[{"added": {}}]	7	1
501	2026-02-19 21:26:44.902827+03	2	ege	1	[{"added": {}}]	7	1
502	2026-02-19 21:27:50.763629+03	1	Часть 1	1	[{"added": {}}]	16	1
503	2026-02-19 21:27:53.101885+03	2	Часть 2	1	[{"added": {}}]	16	1
504	2026-02-19 21:27:59.890067+03	1	inf	1	[{"added": {}}]	8	1
505	2026-02-19 21:28:05.86464+03	2	math	1	[{"added": {}}]	8	1
506	2026-02-19 21:45:46.499915+03	1	1: <p>На рисунке схема дорог N-ского района изображена в виде графа, в таблице содержатся сведения о пр	2	[{"changed": {"fields": ["Task text", "Task answer"]}}]	11	1
507	2026-02-19 21:47:36.968225+03	2	2: <p>Определите, какому столбцу таблицы истинности функции &nbsp;F = x \\to \\neg\\big((y \\to z) \\land (z	2	[{"changed": {"fields": ["Task text", "Task answer"]}}]	11	1
508	2026-02-19 22:05:13.161734+03	1	1: <p>На рисунке схема дорог N-ского района изображена в виде графа, в таблице содержатся сведения о пр	2	[{"changed": {"fields": ["Task text", "Task answer", "Author"]}}]	11	1
509	2026-02-19 22:10:41.440592+03	2	2: <p>Миша заполнял таблицу истинности логической функции $F$<br>$$<br>(x \\lor y) \\land \\lnot (y \\equiv	2	[{"changed": {"fields": ["Task text", "Task answer"]}}]	11	1
510	2026-02-19 22:11:22.194637+03	1	inf ege: 1 - Кратчайший путь в графе	2	[{"changed": {"fields": ["Part"]}}]	12	1
511	2026-02-19 22:12:16.954915+03	2	inf ege: 2 - Таблица истинности логической функции	2	[{"changed": {"fields": ["Part"]}}]	12	1
512	2026-02-19 22:12:44.973004+03	2	2: <p>Миша заполнял таблицу истинности логической функции $F$<br>$$<br>(x \\lor y) \\land \\lnot (y \\equiv	2	[{"changed": {"fields": ["Author"]}}]	11	1
513	2026-02-19 22:12:53.20177+03	1	1: <p>На рисунке схема дорог N-ского района изображена в виде графа, в таблице содержатся сведения о пр	2	[{"changed": {"fields": ["Author"]}}]	11	1
514	2026-02-19 22:13:27.114756+03	3	inf ege: 3 - Поиск в базе данных	2	[{"changed": {"fields": ["Part"]}}]	12	1
515	2026-02-19 22:23:39.904872+03	3	3: <p>В файле приведён фрагмент базы данных «Молочные продукты» о поставках товаров в магазины районов 	2	[{"changed": {"fields": ["Task text", "Files", "Task answer", "Author"]}}]	11	1
516	2026-02-19 22:25:01.543578+03	4	4: <p>По каналу связи передаются сообщения, содержащие только буквы А, Б, В, Г, Д, Е, Ж и З. Для переда	2	[{"changed": {"fields": ["Task text", "Task answer", "Author"]}}]	11	1
517	2026-02-19 22:26:00.571915+03	5	5: <p>На вход алгоритма подаётся натуральное число N. Алгоритм строит по нему новое число R следующим о	2	[{"changed": {"fields": ["Task text", "Task answer", "Author"]}}]	11	1
518	2026-02-19 22:27:35.224806+03	6	6: <p>Исполнитель Черепаха действует на плоскости с декартовой системой координат. В начальный момент Ч	2	[{"changed": {"fields": ["Task text", "Task answer", "Author"]}}]	11	1
519	2026-02-19 22:31:06.528722+03	7	7: <p>Виталий фотографирует интересные места и события цифровой камерой своего смартфона. Каждая фотогр	2	[{"changed": {"fields": ["Task text", "Task answer"]}}]	11	1
520	2026-02-19 22:31:41.426022+03	28	28: <p>Музыкальный фрагмент был записан в формате моно, оцифрован и сохранён в виде файла без сжатия дан	1	[{"added": {}}]	11	1
521	2026-02-19 22:32:00.646146+03	7	inf ege: 7 - Объём растрового изображения / звукового файла	2	[{"changed": {"fields": ["Task title"]}}]	12	1
522	2026-02-19 22:32:34.804455+03	8	8: <p>Все пятибуквенные слова, составленные из букв С, Т, Р, О, К, А, записаны</p><p>в алфавитном поряд	2	[{"changed": {"fields": ["Task text", "Task answer"]}}]	11	1
523	2026-02-19 22:33:00.129111+03	9	9: <p>Откройте файл электронной таблицы, содержащей в каждой строке семь натуральных чисел. Определите 	2	[{"changed": {"fields": ["Task text", "Task answer"]}}]	11	1
524	2026-02-19 22:33:19.603758+03	9	9: <p>Откройте файл электронной таблицы, содержащей в каждой строке семь натуральных чисел. Определите 	2	[{"changed": {"fields": ["Files"]}}]	11	1
525	2026-02-19 22:34:00.648998+03	10	10: <p>C помощью текстового редактора определите, сколько раз встречается сочетание букв «рук» или «Рук»	2	[{"changed": {"fields": ["Task text", "Files", "Task answer"]}}]	11	1
526	2026-02-19 22:34:44.107769+03	11	11: <p>На предприятии каждой изготовленной детали присваивают серийный номер, состоящий из 2783 символов	2	[{"changed": {"fields": ["Task text", "Task answer"]}}]	11	1
527	2026-02-19 22:35:53.752866+03	12	12: <p>На ленте в соседних ячейках записана последовательность из 1000 символов, включающая только нули 	2	[{"changed": {"fields": ["Task text", "Task answer"]}}]	11	1
528	2026-02-19 22:37:57.330548+03	13	13: <p style="margin-left:0px;">В терминологии сетей TCP/IP маской сети называют двоичное число, которое	2	[{"changed": {"fields": ["Task text", "Task answer"]}}]	11	1
529	2026-02-19 22:38:35.846852+03	14	14: <p>Значение арифметического выражения<br>$$<br>2 \\cdot 2187^{2020} + 729^{2021} - 2 \\cdot 243^{2022}	2	[{"changed": {"fields": ["Task text", "Task answer"]}}]	11	1
530	2026-02-19 22:39:22.158582+03	29	29: <p>Операнды арифметического выражения записаны в системе счисления<br>с основанием 29.<br>$$<br>923x	1	[{"added": {}}]	11	1
531	2026-02-19 22:40:10.685442+03	30	30: <p>Значение арифметического выражения $9 \\cdot 11^{210} + 8 \\cdot 11^{150} - x$,<br>где $x$ — целое 	1	[{"added": {}}]	11	1
532	2026-02-19 22:40:51.742019+03	15	15: <p>На числовой прямой даны два отрезка: $P = [25;\\, 64]$ и $Q = [40;\\, 115]$.<br>Укажите наименьшую 	2	[{"changed": {"fields": ["Task text", "Task answer"]}}]	11	1
533	2026-02-19 22:41:24.872736+03	16	16: <p>Алгоритм вычисления функций $F(n)$ и $G(n)$, где $n$ — целое число,<br>задан следующими соотношен	2	[{"changed": {"fields": ["Task text", "Task answer"]}}]	11	1
534	2026-02-19 22:42:41.200655+03	17	17: <p>В файле содержится последовательность натуральных чисел. Её элементы могут принимать целые значен	2	[{"changed": {"fields": ["Task text", "Files", "Task answer"]}}]	11	1
535	2026-02-19 22:43:36.165577+03	18	18: <p>Квадрат N×N (1 &lt; N &lt; 30) разлинован на клетки. Робот перемещается только вправо или вниз, н	2	[{"changed": {"fields": ["Task text", "Task answer"]}}]	11	1
536	2026-02-19 22:44:34.425431+03	19	19: <p>ва игрока, Петя и Ваня, играют в следующую игру. Перед игроками лежит куча камней. Игроки ходят п	2	[{"changed": {"fields": ["Task text", "Task answer"]}}]	11	1
537	2026-02-19 22:45:30.65743+03	21	21: Найдите минимальное S, при котором у Вани есть стратегия выиграть первым или вторым ходом, но нет га	3		11	1
538	2026-02-19 22:45:30.65754+03	20	20: Найдите два наименьших S, при которых Петя не может выиграть за один ход, но выигрывает вторым ходом	3		11	1
539	2026-02-19 22:46:55.08588+03	19	19: <p>ва игрока, Петя и Ваня, играют в следующую игру. Перед игроками лежит куча камней. Игроки ходят п	2	[{"changed": {"fields": ["Task text", "Task answer"]}}]	11	1
540	2026-02-19 22:48:29.334367+03	22	22: <p>В файле хранится информация о N вычислительных процессах, которые могут выполняться параллельно и	2	[{"changed": {"fields": ["Task text", "Task answer"]}}]	11	1
541	2026-02-19 22:48:35.912436+03	19	19: <p>ва игрока, Петя и Ваня, играют в следующую игру. Перед игроками лежит куча камней. Игроки ходят п	2	[]	11	1
542	2026-02-19 22:49:05.544837+03	23	23: <p>Исполнитель преобразует число на экране. У исполнителя есть три команды, которые обозначены латин	2	[{"changed": {"fields": ["Task text", "Task answer"]}}]	11	1
543	2026-02-19 22:49:44.866869+03	24	24: <p>Текстовый файл состоит из десятичных цифр и заглавных букв латинского алфавита. Определите в прил	2	[{"changed": {"fields": ["Task text", "Files", "Task answer"]}}]	11	1
544	2026-02-19 22:53:27.392888+03	25	25: <p>Пусть M – сумма минимального и максимального натуральных делителей целого числа, не считая единиц	2	[{"changed": {"fields": ["Task text", "Task answer"]}}]	11	1
545	2026-02-19 22:54:31.155152+03	31	31: <p>Назовём маской числа последовательность цифр, в которой также могут встречаться следующие символы	1	[{"added": {}}]	11	1
546	2026-02-19 22:55:37.426765+03	26	26: <p>Отдел маркетинга сети магазинов составляет рейтинг продуктов по информации об их сроках хранения 	2	[{"changed": {"fields": ["Task text", "Task answer"]}}]	11	1
547	2026-02-19 22:58:01.222774+03	27	27: <p>Фрагмент звёздного неба спроецирован на плоскость с декартовой системой<br>координат. Учёный реши	2	[{"changed": {"fields": ["Task text", "Files", "Task answer"]}}]	11	1
548	2026-02-19 22:59:29.799436+03	7	7: <p>Виталий фотографирует интересные места и события цифровой камерой своего смартфона. Каждая фотогр	2	[{"changed": {"fields": ["Task text"]}}]	11	1
549	2026-02-19 22:59:58.350212+03	14	14: <p>Значение арифметического выражения<br>$<br>2 \\cdot 2187^{2020} + 729^{2021} - 2 \\cdot 243^{2022} 	2	[{"changed": {"fields": ["Task text"]}}]	11	1
550	2026-02-19 23:00:33.350203+03	15	15: <p>На числовой прямой даны два отрезка: $P = [25;\\, 64]$ и $Q = [40;\\, 115]$.<br>Укажите наименьшую 	2	[{"changed": {"fields": ["Task text"]}}]	11	1
551	2026-02-19 23:02:01.910845+03	16	16: <p>Алгоритм вычисления функций $F(n)$ и $G(n)$, где $n$ — целое число,<br>задан следующими соотношен	2	[{"changed": {"fields": ["Task text"]}}]	11	1
552	2026-02-19 23:02:59.707187+03	15	15: <p>На числовой прямой даны два отрезка: $P = [25;\\, 64]$ и $Q = [40;\\, 115]$.<br>Укажите наименьшую 	2	[{"changed": {"fields": ["Task text"]}}]	11	1
553	2026-02-19 23:03:30.333348+03	2	2: <p>Миша заполнял таблицу истинности логической функции $F$</p><figure class="image image-style-side 	2	[{"changed": {"fields": ["Task text"]}}]	11	1
554	2026-02-19 23:04:10.303694+03	2	2: <p>Миша заполнял таблицу истинности логической функции $F$</p><figure class="image image-style-side 	2	[{"changed": {"fields": ["Task text"]}}]	11	1
555	2026-02-20 20:17:39.752584+03	31	31: <p>Назовём маской числа последовательность цифр, в которой также могут встречаться следующие символы	2	[{"changed": {"fields": ["Answer"]}}]	11	1
556	2026-02-20 20:23:18.262269+03	27	27: <p>Фрагмент звёздного неба спроецирован на плоскость с декартовой системой<br>координат. Учёный реши	2	[{"changed": {"fields": ["Answer"]}}]	11	1
557	2026-02-20 20:23:32.510016+03	26	26: <p>Отдел маркетинга сети магазинов составляет рейтинг продуктов по информации об их сроках хранения 	2	[{"changed": {"fields": ["Answer"]}}]	11	1
558	2026-02-20 20:24:04.963512+03	19	19: <p>Два игрока, Петя и Ваня, играют в следующую игру. Перед игроками лежит куча камней. Игроки ходят 	2	[{"changed": {"fields": ["Task text", "Answer"]}}]	11	1
559	2026-02-20 20:24:22.396193+03	18	18: <p>Квадрат N×N (1 &lt; N &lt; 30) разлинован на клетки. Робот перемещается только вправо или вниз, н	2	[{"changed": {"fields": ["Answer"]}}]	11	1
560	2026-02-20 20:24:32.244626+03	17	17: <p>В файле содержится последовательность натуральных чисел. Её элементы могут принимать целые значен	2	[]	11	1
561	2026-02-20 20:24:51.869537+03	17	17: <p>В файле содержится последовательность натуральных чисел. Её элементы могут принимать целые значен	2	[]	11	1
562	2026-02-21 18:53:45.782446+03	96	96: <p>Назовём маской числа последовательность цифр, в которой могут встречаться символы: «?» — означает	2	[{"changed": {"fields": ["Task text", "Answer"]}}]	11	1
563	2026-02-21 18:54:05.426989+03	87	87: <p>У исполнителя Калькулятор имеются три команды:&nbsp;</p><p>1 — Прибавь 2&nbsp;</p><p>2 — Прибавь 	2	[{"changed": {"fields": ["Task text"]}}]	11	1
564	2026-02-21 18:54:17.580638+03	86	86: <p>У исполнителя имеются три команды:&nbsp;</p><p>A — Вычесть 1&nbsp;</p><p>B — Вычесть 2&nbsp;</p><	2	[{"changed": {"fields": ["Task text"]}}]	11	1
565	2026-02-21 18:54:26.872538+03	85	85: <p>У исполнителя имеются три команды:&nbsp;</p><p>A — Прибавить 1&nbsp;</p><p>B — Прибавить 2</p><p>	2	[{"changed": {"fields": ["Task text"]}}]	11	1
566	2026-02-21 18:54:36.18768+03	84	84: <p>У исполнителя имеются две команды:&nbsp;</p><p>A — Вычесть 2&nbsp;</p><p>B — Найти целую часть от	2	[{"changed": {"fields": ["Task text"]}}]	11	1
567	2026-02-21 18:54:45.074647+03	83	83: <p>У исполнителя имеются три команды:&nbsp;</p><p>A — Вычти 1&nbsp;</p><p>B — Вычти 6&nbsp;</p><p>C 	2	[{"changed": {"fields": ["Task text"]}}]	11	1
568	2026-02-21 18:54:54.860339+03	82	82: <p>У исполнителя имеются три команды:&nbsp;</p><p>A — Прибавь 3&nbsp;</p><p>B — Прибавь 7&nbsp;</p><	2	[{"changed": {"fields": ["Task text"]}}]	11	1
569	2026-02-21 18:55:07.42608+03	81	81: <p>У исполнителя имеются три команды:</p><p>A — Прибавь 1&nbsp;</p><p>B — Умножь на 2&nbsp;</p><p>C 	2	[{"changed": {"fields": ["Task text"]}}]	11	1
570	2026-02-21 18:55:21.663883+03	80	80: <p>У исполнителя имеются три команды:&nbsp;</p><p>A — Вычесть 1&nbsp;</p><p>B — Вычесть 2&nbsp;</p><	2	[{"changed": {"fields": ["Task text"]}}]	11	1
571	2026-02-21 18:55:34.164233+03	79	79: <p>У исполнителя имеются три команды:&nbsp;</p><p>A — Вычесть 1&nbsp;</p><p>B — Вычесть 4&nbsp;</p><	2	[{"changed": {"fields": ["Task text"]}}]	11	1
572	2026-02-21 18:55:45.11024+03	78	78: <p>У исполнителя имеются три команды:&nbsp;</p><p>A — Вычесть 3&nbsp;</p><p>B — Вычесть 6&nbsp;</p><	2	[{"changed": {"fields": ["Task text"]}}]	11	1
573	2026-02-21 18:56:23.837441+03	36	36: <p>На вход алгоритма подается натуральное число N. Алгоритм строит по нему новое число R следующим о	2	[{"changed": {"fields": ["Task text"]}}]	11	1
574	2026-02-21 18:56:42.805679+03	37	37: <p>На вход алгоритма подаётся натуральное число N.&nbsp;</p><p>1. Строится троичная запись числа N.&	2	[{"changed": {"fields": ["Task text"]}}]	11	1
575	2026-02-21 18:57:01.514882+03	38	38: <p>На вход алгоритма подаётся натуральное число N.&nbsp;</p><p>1. Строится двоичная запись числа N.&	2	[{"changed": {"fields": ["Task text"]}}]	11	1
576	2026-02-21 18:57:20.966704+03	39	39: <p>Исполнитель Черепаха действует на координатной плоскости.&nbsp;</p><p>Повтори 6 [Вперёд 33 Направ	2	[{"changed": {"fields": ["Task text"]}}]	11	1
577	2026-02-21 19:00:35.212704+03	98	98: <p><span style="background-color:rgb(255,255,255);color:rgb(0,0,0);">На рисунке справа схема дорог Н	1	[{"added": {}}]	11	1
578	2026-02-21 19:01:04.571029+03	99	99: <p><span style="background-color:rgb(255,255,255);color:rgb(0,0,0);">На рисунке справа схема дорог Н	1	[{"added": {}}]	11	1
579	2026-02-21 19:01:32.398164+03	100	100: <p><span style="background-color:rgb(255,255,255);color:rgb(0,0,0);">На рисунке справа схема дорог Н	1	[{"added": {}}]	11	1
580	2026-02-21 19:01:56.321532+03	101	101: <p><span style="background-color:rgb(255,255,255);color:rgb(0,0,0);">На рисунке справа схема дорог Н	1	[{"added": {}}]	11	1
581	2026-02-21 19:02:22.592853+03	102	102: <p><span style="background-color:rgb(255,255,255);color:rgb(0,0,0);">На рисунке справа схема дорог Н	1	[{"added": {}}]	11	1
582	2026-02-21 19:02:45.841265+03	103	103: <p><span style="background-color:rgb(255,255,255);color:rgb(0,0,0);">На рисунке справа схема дорог Н	1	[{"added": {}}]	11	1
583	2026-02-21 19:03:21.148173+03	104	104: <p><span style="background-color:rgb(255,255,255);color:rgb(0,0,0);">На рисунке справа схема дорог Н	1	[{"added": {}}]	11	1
584	2026-02-21 19:03:35.274178+03	105	105: <p><span style="background-color:rgb(255,255,255);color:rgb(0,0,0);">На рисунке справа схема дорог Н	1	[{"added": {}}]	11	1
585	2026-02-21 19:03:58.863511+03	106	106: <p><span style="background-color:rgb(255,255,255);color:rgb(0,0,0);">На рисунке справа схема дорог Н	1	[{"added": {}}]	11	1
586	2026-02-21 19:04:51.81355+03	107	107: <p><span style="background-color:rgb(255,255,255);color:rgb(0,0,0);">На рисунке справа схема дорог Н	1	[{"added": {}}]	11	1
587	2026-02-21 19:05:06.958304+03	108	108: <p><span style="background-color:rgb(255,255,255);color:rgb(0,0,0);">На рисунке справа схема дорог Н	1	[{"added": {}}]	11	1
588	2026-02-21 19:07:18.591884+03	109	109: <p>Логическая функция $F$ задаётся выражением<br>\\[<br>F = (w \\equiv z) \\lor \\neg (y \\to w) \\lor \\ne	1	[{"added": {}}]	11	1
589	2026-02-21 19:21:18.108961+03	109	109: <p>Логическая функция $F$ задаётся выражением<br>&nbsp;</p><p>На рисунке приведён частично заполненн	2	[{"changed": {"fields": ["Task text"]}}]	11	1
590	2026-02-21 19:31:22.646759+03	109	109: <p>(№ 8151) (Апробация-2025)</p><p>Логическая функция&nbsp;<br>\\[<br>F = w \\land \\neg\\bigl((x \\to y)	2	[{"changed": {"fields": ["Task text"]}}]	11	1
591	2026-02-21 19:32:18.296777+03	109	109: <p>Логическая функция&nbsp;<br>\\[<br>F = w \\land \\neg\\bigl((x \\to y) \\to (y \\equiv z)\\bigr)<br>\\]<br	2	[{"changed": {"fields": ["Task text"]}}]	11	1
592	2026-02-21 20:18:58.52454+03	110	110: <p>Логическая функция $F$ задаётся выражением<br>\\[<br>F = (x \\land \\neg y) \\lor (y \\equiv z) \\lor w	1	[{"added": {}}]	11	1
593	2026-02-21 20:22:29.140357+03	111	111: <p>Логическая функция $F$ задаётся выражением<br>\\[<br>F = \\neg\\bigl((\\neg x \\lor y) \\land \\neg w\\bi	1	[{"added": {}}]	11	1
594	2026-02-21 20:24:34.268041+03	112	112: <p>Логическая функция $F$ задаётся выражением<br>\\[<br>F = (\\neg x \\land y \\land z \\land \\neg w)<br>	1	[{"added": {}}]	11	1
\.


--
-- Data for Name: django_content_type; Type: TABLE DATA; Schema: public; Owner: postgres
--

COPY public.django_content_type (id, app_label, model) FROM stdin;
1	admin	logentry
2	auth	group
3	auth	permission
4	auth	user
5	contenttypes	contenttype
6	sessions	session
7	Generator	level
8	Generator	subject
9	Generator	tag
10	Generator	tagslist
11	Generator	task
12	Generator	tasklist
13	Generator	variant
14	Generator	variantcontent
15	Generator	excalidrawboard
16	Generator	part
17	Generator	tags
\.


--
-- Data for Name: django_migrations; Type: TABLE DATA; Schema: public; Owner: postgres
--

COPY public.django_migrations (id, app, name, applied) FROM stdin;
1	Generator	0001_initial	2026-02-14 15:45:43.064804+03
2	contenttypes	0001_initial	2026-02-14 15:45:43.074275+03
3	auth	0001_initial	2026-02-14 15:45:43.118819+03
4	admin	0001_initial	2026-02-14 15:45:43.128131+03
5	admin	0002_logentry_remove_auto_add	2026-02-14 15:45:43.133753+03
6	admin	0003_logentry_add_action_flag_choices	2026-02-14 15:45:43.137683+03
7	contenttypes	0002_remove_content_type_name	2026-02-14 15:45:43.149679+03
8	auth	0002_alter_permission_name_max_length	2026-02-14 15:45:43.154171+03
9	auth	0003_alter_user_email_max_length	2026-02-14 15:45:43.158489+03
10	auth	0004_alter_user_username_opts	2026-02-14 15:45:43.162372+03
11	auth	0005_alter_user_last_login_null	2026-02-14 15:45:43.168979+03
12	auth	0006_require_contenttypes_0002	2026-02-14 15:45:43.169541+03
13	auth	0007_alter_validators_add_error_messages	2026-02-14 15:45:43.175312+03
14	auth	0008_alter_user_username_max_length	2026-02-14 15:45:43.18317+03
15	auth	0009_alter_user_last_name_max_length	2026-02-14 15:45:43.189129+03
16	auth	0010_alter_group_name_max_length	2026-02-14 15:45:43.195312+03
17	auth	0011_update_proxy_permissions	2026-02-14 15:45:43.201597+03
18	auth	0012_alter_user_first_name_max_length	2026-02-14 15:45:43.206176+03
19	sessions	0001_initial	2026-02-14 15:45:43.21259+03
20	Generator	0002_variant_share_token_excalidrawboard	2026-02-16 14:01:12.169269+03
21	Generator	0003_part_tasklist_part_delete_excalidrawboard	2026-02-16 20:08:29.92233+03
22	Generator	0004_alter_tasklist_part	2026-02-16 20:09:40.583385+03
23	Generator	0005_task_files	2026-02-16 20:38:04.69899+03
24	Generator	0003_part_tags_task_files_alter_variant_created_by_and_more	2026-02-17 10:48:01.897705+03
25	Generator	0004_alter_task_task_template	2026-02-18 22:30:20.621157+03
26	Generator	0005_alter_task_task_template	2026-02-18 22:36:18.6233+03
27	Generator	0006_task_author_alter_task_answer	2026-02-19 21:04:14.219415+03
28	Generator	0007_level_level_rus	2026-02-19 21:26:22.91019+03
29	Generator	0008_alter_level_level_rus	2026-02-19 21:27:37.102923+03
30	Generator	0009_alter_task_answer	2026-02-20 20:17:11.079648+03
\.


--
-- Data for Name: django_session; Type: TABLE DATA; Schema: public; Owner: postgres
--

COPY public.django_session (session_key, session_data, expire_date) FROM stdin;
veoutzji6ncoxl1aur5aygem7hfoo5pc	.eJxVjMsOwiAQAP-FsyHs8ij16L3fQBbYStXQpLQn478bkh70OjOZtwh07CUcjbewZHEVIC6_LFJ6cu0iP6jeV5nWum9LlD2Rp21yWjO_bmf7NyjUSt9GnRRkn6yOKlszW8Pg2CMDkgavSQ2DMXO2gAYxkUMYCZ1lSyNGEp8vygA3HQ:1vrF2Z:Tx0ywWFgcq3WEks7Vkfy_ErOO8yDiJbyvovyMcHVW0U	2026-02-28 15:46:27.326422+03
\.


--
-- Name: Generator_level_id_seq; Type: SEQUENCE SET; Schema: public; Owner: postgres
--

SELECT pg_catalog.setval('public."Generator_level_id_seq"', 2, true);


--
-- Name: Generator_part_id_seq; Type: SEQUENCE SET; Schema: public; Owner: postgres
--

SELECT pg_catalog.setval('public."Generator_part_id_seq"', 2, true);


--
-- Name: Generator_subject_id_seq; Type: SEQUENCE SET; Schema: public; Owner: postgres
--

SELECT pg_catalog.setval('public."Generator_subject_id_seq"', 2, true);


--
-- Name: Generator_tag_id_seq; Type: SEQUENCE SET; Schema: public; Owner: postgres
--

SELECT pg_catalog.setval('public."Generator_tag_id_seq"', 1, false);


--
-- Name: Generator_tagslist_id_seq; Type: SEQUENCE SET; Schema: public; Owner: postgres
--

SELECT pg_catalog.setval('public."Generator_tagslist_id_seq"', 1, false);


--
-- Name: Generator_task_id_seq; Type: SEQUENCE SET; Schema: public; Owner: postgres
--

SELECT pg_catalog.setval('public."Generator_task_id_seq"', 112, true);


--
-- Name: Generator_tasklist_id_seq; Type: SEQUENCE SET; Schema: public; Owner: postgres
--

SELECT pg_catalog.setval('public."Generator_tasklist_id_seq"', 27, true);


--
-- Name: Generator_variant_id_seq; Type: SEQUENCE SET; Schema: public; Owner: postgres
--

SELECT pg_catalog.setval('public."Generator_variant_id_seq"', 12, true);


--
-- Name: Generator_variantcontent_id_seq; Type: SEQUENCE SET; Schema: public; Owner: postgres
--

SELECT pg_catalog.setval('public."Generator_variantcontent_id_seq"', 167, true);


--
-- Name: auth_group_id_seq; Type: SEQUENCE SET; Schema: public; Owner: postgres
--

SELECT pg_catalog.setval('public.auth_group_id_seq', 1, false);


--
-- Name: auth_group_permissions_id_seq; Type: SEQUENCE SET; Schema: public; Owner: postgres
--

SELECT pg_catalog.setval('public.auth_group_permissions_id_seq', 1, false);


--
-- Name: auth_permission_id_seq; Type: SEQUENCE SET; Schema: public; Owner: postgres
--

SELECT pg_catalog.setval('public.auth_permission_id_seq', 68, true);


--
-- Name: auth_user_groups_id_seq; Type: SEQUENCE SET; Schema: public; Owner: postgres
--

SELECT pg_catalog.setval('public.auth_user_groups_id_seq', 1, false);


--
-- Name: auth_user_id_seq; Type: SEQUENCE SET; Schema: public; Owner: postgres
--

SELECT pg_catalog.setval('public.auth_user_id_seq', 1, true);


--
-- Name: auth_user_user_permissions_id_seq; Type: SEQUENCE SET; Schema: public; Owner: postgres
--

SELECT pg_catalog.setval('public.auth_user_user_permissions_id_seq', 1, false);


--
-- Name: django_admin_log_id_seq; Type: SEQUENCE SET; Schema: public; Owner: postgres
--

SELECT pg_catalog.setval('public.django_admin_log_id_seq', 594, true);


--
-- Name: django_content_type_id_seq; Type: SEQUENCE SET; Schema: public; Owner: postgres
--

SELECT pg_catalog.setval('public.django_content_type_id_seq', 17, true);


--
-- Name: django_migrations_id_seq; Type: SEQUENCE SET; Schema: public; Owner: postgres
--

SELECT pg_catalog.setval('public.django_migrations_id_seq', 30, true);


--
-- Name: Generator_level Generator_level_pkey; Type: CONSTRAINT; Schema: public; Owner: postgres
--

ALTER TABLE ONLY public."Generator_level"
    ADD CONSTRAINT "Generator_level_pkey" PRIMARY KEY (id);


--
-- Name: Generator_part Generator_part_pkey; Type: CONSTRAINT; Schema: public; Owner: postgres
--

ALTER TABLE ONLY public."Generator_part"
    ADD CONSTRAINT "Generator_part_pkey" PRIMARY KEY (id);


--
-- Name: Generator_subject Generator_subject_pkey; Type: CONSTRAINT; Schema: public; Owner: postgres
--

ALTER TABLE ONLY public."Generator_subject"
    ADD CONSTRAINT "Generator_subject_pkey" PRIMARY KEY (id);


--
-- Name: Generator_tag Generator_tag_pkey; Type: CONSTRAINT; Schema: public; Owner: postgres
--

ALTER TABLE ONLY public."Generator_tag"
    ADD CONSTRAINT "Generator_tag_pkey" PRIMARY KEY (id);


--
-- Name: Generator_tagslist Generator_tagslist_pkey; Type: CONSTRAINT; Schema: public; Owner: postgres
--

ALTER TABLE ONLY public."Generator_tagslist"
    ADD CONSTRAINT "Generator_tagslist_pkey" PRIMARY KEY (id);


--
-- Name: Generator_task Generator_task_pkey; Type: CONSTRAINT; Schema: public; Owner: postgres
--

ALTER TABLE ONLY public."Generator_task"
    ADD CONSTRAINT "Generator_task_pkey" PRIMARY KEY (id);


--
-- Name: Generator_tasklist Generator_tasklist_pkey; Type: CONSTRAINT; Schema: public; Owner: postgres
--

ALTER TABLE ONLY public."Generator_tasklist"
    ADD CONSTRAINT "Generator_tasklist_pkey" PRIMARY KEY (id);


--
-- Name: Generator_variant Generator_variant_pkey; Type: CONSTRAINT; Schema: public; Owner: postgres
--

ALTER TABLE ONLY public."Generator_variant"
    ADD CONSTRAINT "Generator_variant_pkey" PRIMARY KEY (id);


--
-- Name: Generator_variantcontent Generator_variantcontent_pkey; Type: CONSTRAINT; Schema: public; Owner: postgres
--

ALTER TABLE ONLY public."Generator_variantcontent"
    ADD CONSTRAINT "Generator_variantcontent_pkey" PRIMARY KEY (id);


--
-- Name: auth_group auth_group_name_key; Type: CONSTRAINT; Schema: public; Owner: postgres
--

ALTER TABLE ONLY public.auth_group
    ADD CONSTRAINT auth_group_name_key UNIQUE (name);


--
-- Name: auth_group_permissions auth_group_permissions_group_id_permission_id_0cd325b0_uniq; Type: CONSTRAINT; Schema: public; Owner: postgres
--

ALTER TABLE ONLY public.auth_group_permissions
    ADD CONSTRAINT auth_group_permissions_group_id_permission_id_0cd325b0_uniq UNIQUE (group_id, permission_id);


--
-- Name: auth_group_permissions auth_group_permissions_pkey; Type: CONSTRAINT; Schema: public; Owner: postgres
--

ALTER TABLE ONLY public.auth_group_permissions
    ADD CONSTRAINT auth_group_permissions_pkey PRIMARY KEY (id);


--
-- Name: auth_group auth_group_pkey; Type: CONSTRAINT; Schema: public; Owner: postgres
--

ALTER TABLE ONLY public.auth_group
    ADD CONSTRAINT auth_group_pkey PRIMARY KEY (id);


--
-- Name: auth_permission auth_permission_content_type_id_codename_01ab375a_uniq; Type: CONSTRAINT; Schema: public; Owner: postgres
--

ALTER TABLE ONLY public.auth_permission
    ADD CONSTRAINT auth_permission_content_type_id_codename_01ab375a_uniq UNIQUE (content_type_id, codename);


--
-- Name: auth_permission auth_permission_pkey; Type: CONSTRAINT; Schema: public; Owner: postgres
--

ALTER TABLE ONLY public.auth_permission
    ADD CONSTRAINT auth_permission_pkey PRIMARY KEY (id);


--
-- Name: auth_user_groups auth_user_groups_pkey; Type: CONSTRAINT; Schema: public; Owner: postgres
--

ALTER TABLE ONLY public.auth_user_groups
    ADD CONSTRAINT auth_user_groups_pkey PRIMARY KEY (id);


--
-- Name: auth_user_groups auth_user_groups_user_id_group_id_94350c0c_uniq; Type: CONSTRAINT; Schema: public; Owner: postgres
--

ALTER TABLE ONLY public.auth_user_groups
    ADD CONSTRAINT auth_user_groups_user_id_group_id_94350c0c_uniq UNIQUE (user_id, group_id);


--
-- Name: auth_user auth_user_pkey; Type: CONSTRAINT; Schema: public; Owner: postgres
--

ALTER TABLE ONLY public.auth_user
    ADD CONSTRAINT auth_user_pkey PRIMARY KEY (id);


--
-- Name: auth_user_user_permissions auth_user_user_permissions_pkey; Type: CONSTRAINT; Schema: public; Owner: postgres
--

ALTER TABLE ONLY public.auth_user_user_permissions
    ADD CONSTRAINT auth_user_user_permissions_pkey PRIMARY KEY (id);


--
-- Name: auth_user_user_permissions auth_user_user_permissions_user_id_permission_id_14a6b632_uniq; Type: CONSTRAINT; Schema: public; Owner: postgres
--

ALTER TABLE ONLY public.auth_user_user_permissions
    ADD CONSTRAINT auth_user_user_permissions_user_id_permission_id_14a6b632_uniq UNIQUE (user_id, permission_id);


--
-- Name: auth_user auth_user_username_key; Type: CONSTRAINT; Schema: public; Owner: postgres
--

ALTER TABLE ONLY public.auth_user
    ADD CONSTRAINT auth_user_username_key UNIQUE (username);


--
-- Name: django_admin_log django_admin_log_pkey; Type: CONSTRAINT; Schema: public; Owner: postgres
--

ALTER TABLE ONLY public.django_admin_log
    ADD CONSTRAINT django_admin_log_pkey PRIMARY KEY (id);


--
-- Name: django_content_type django_content_type_app_label_model_76bd3d3b_uniq; Type: CONSTRAINT; Schema: public; Owner: postgres
--

ALTER TABLE ONLY public.django_content_type
    ADD CONSTRAINT django_content_type_app_label_model_76bd3d3b_uniq UNIQUE (app_label, model);


--
-- Name: django_content_type django_content_type_pkey; Type: CONSTRAINT; Schema: public; Owner: postgres
--

ALTER TABLE ONLY public.django_content_type
    ADD CONSTRAINT django_content_type_pkey PRIMARY KEY (id);


--
-- Name: django_migrations django_migrations_pkey; Type: CONSTRAINT; Schema: public; Owner: postgres
--

ALTER TABLE ONLY public.django_migrations
    ADD CONSTRAINT django_migrations_pkey PRIMARY KEY (id);


--
-- Name: django_session django_session_pkey; Type: CONSTRAINT; Schema: public; Owner: postgres
--

ALTER TABLE ONLY public.django_session
    ADD CONSTRAINT django_session_pkey PRIMARY KEY (session_key);


--
-- Name: Generator_tag_taskTag_id_d63cb59f; Type: INDEX; Schema: public; Owner: postgres
--

CREATE INDEX "Generator_tag_taskTag_id_d63cb59f" ON public."Generator_tag" USING btree ("taskTag_id");


--
-- Name: Generator_tag_task_id_85f7c631; Type: INDEX; Schema: public; Owner: postgres
--

CREATE INDEX "Generator_tag_task_id_85f7c631" ON public."Generator_tag" USING btree (task_id);


--
-- Name: Generator_task_task_id_1093b354; Type: INDEX; Schema: public; Owner: postgres
--

CREATE INDEX "Generator_task_task_id_1093b354" ON public."Generator_task" USING btree (task_id);


--
-- Name: Generator_tasklist_level_id_df2e59c7; Type: INDEX; Schema: public; Owner: postgres
--

CREATE INDEX "Generator_tasklist_level_id_df2e59c7" ON public."Generator_tasklist" USING btree (level_id);


--
-- Name: Generator_tasklist_part_id_94579a2d; Type: INDEX; Schema: public; Owner: postgres
--

CREATE INDEX "Generator_tasklist_part_id_94579a2d" ON public."Generator_tasklist" USING btree (part_id);


--
-- Name: Generator_tasklist_subject_id_f7f736e6; Type: INDEX; Schema: public; Owner: postgres
--

CREATE INDEX "Generator_tasklist_subject_id_f7f736e6" ON public."Generator_tasklist" USING btree (subject_id);


--
-- Name: Generator_variant_level_id_4f52620f; Type: INDEX; Schema: public; Owner: postgres
--

CREATE INDEX "Generator_variant_level_id_4f52620f" ON public."Generator_variant" USING btree (level_id);


--
-- Name: Generator_variant_var_subject_id_7aa395e2; Type: INDEX; Schema: public; Owner: postgres
--

CREATE INDEX "Generator_variant_var_subject_id_7aa395e2" ON public."Generator_variant" USING btree (var_subject_id);


--
-- Name: Generator_variantcontent_task_id_e7599504; Type: INDEX; Schema: public; Owner: postgres
--

CREATE INDEX "Generator_variantcontent_task_id_e7599504" ON public."Generator_variantcontent" USING btree (task_id);


--
-- Name: Generator_variantcontent_variant_id_4e92f27c; Type: INDEX; Schema: public; Owner: postgres
--

CREATE INDEX "Generator_variantcontent_variant_id_4e92f27c" ON public."Generator_variantcontent" USING btree (variant_id);


--
-- Name: auth_group_name_a6ea08ec_like; Type: INDEX; Schema: public; Owner: postgres
--

CREATE INDEX auth_group_name_a6ea08ec_like ON public.auth_group USING btree (name varchar_pattern_ops);


--
-- Name: auth_group_permissions_group_id_b120cbf9; Type: INDEX; Schema: public; Owner: postgres
--

CREATE INDEX auth_group_permissions_group_id_b120cbf9 ON public.auth_group_permissions USING btree (group_id);


--
-- Name: auth_group_permissions_permission_id_84c5c92e; Type: INDEX; Schema: public; Owner: postgres
--

CREATE INDEX auth_group_permissions_permission_id_84c5c92e ON public.auth_group_permissions USING btree (permission_id);


--
-- Name: auth_permission_content_type_id_2f476e4b; Type: INDEX; Schema: public; Owner: postgres
--

CREATE INDEX auth_permission_content_type_id_2f476e4b ON public.auth_permission USING btree (content_type_id);


--
-- Name: auth_user_groups_group_id_97559544; Type: INDEX; Schema: public; Owner: postgres
--

CREATE INDEX auth_user_groups_group_id_97559544 ON public.auth_user_groups USING btree (group_id);


--
-- Name: auth_user_groups_user_id_6a12ed8b; Type: INDEX; Schema: public; Owner: postgres
--

CREATE INDEX auth_user_groups_user_id_6a12ed8b ON public.auth_user_groups USING btree (user_id);


--
-- Name: auth_user_user_permissions_permission_id_1fbb5f2c; Type: INDEX; Schema: public; Owner: postgres
--

CREATE INDEX auth_user_user_permissions_permission_id_1fbb5f2c ON public.auth_user_user_permissions USING btree (permission_id);


--
-- Name: auth_user_user_permissions_user_id_a95ead1b; Type: INDEX; Schema: public; Owner: postgres
--

CREATE INDEX auth_user_user_permissions_user_id_a95ead1b ON public.auth_user_user_permissions USING btree (user_id);


--
-- Name: auth_user_username_6821ab7c_like; Type: INDEX; Schema: public; Owner: postgres
--

CREATE INDEX auth_user_username_6821ab7c_like ON public.auth_user USING btree (username varchar_pattern_ops);


--
-- Name: django_admin_log_content_type_id_c4bce8eb; Type: INDEX; Schema: public; Owner: postgres
--

CREATE INDEX django_admin_log_content_type_id_c4bce8eb ON public.django_admin_log USING btree (content_type_id);


--
-- Name: django_admin_log_user_id_c564eba6; Type: INDEX; Schema: public; Owner: postgres
--

CREATE INDEX django_admin_log_user_id_c564eba6 ON public.django_admin_log USING btree (user_id);


--
-- Name: django_session_expire_date_a5c62663; Type: INDEX; Schema: public; Owner: postgres
--

CREATE INDEX django_session_expire_date_a5c62663 ON public.django_session USING btree (expire_date);


--
-- Name: django_session_session_key_c0390e0f_like; Type: INDEX; Schema: public; Owner: postgres
--

CREATE INDEX django_session_session_key_c0390e0f_like ON public.django_session USING btree (session_key varchar_pattern_ops);


--
-- Name: Generator_tag Generator_tag_taskTag_id_d63cb59f_fk_Generator_tagslist_id; Type: FK CONSTRAINT; Schema: public; Owner: postgres
--

ALTER TABLE ONLY public."Generator_tag"
    ADD CONSTRAINT "Generator_tag_taskTag_id_d63cb59f_fk_Generator_tagslist_id" FOREIGN KEY ("taskTag_id") REFERENCES public."Generator_tagslist"(id) DEFERRABLE INITIALLY DEFERRED;


--
-- Name: Generator_tag Generator_tag_task_id_85f7c631_fk_Generator_task_id; Type: FK CONSTRAINT; Schema: public; Owner: postgres
--

ALTER TABLE ONLY public."Generator_tag"
    ADD CONSTRAINT "Generator_tag_task_id_85f7c631_fk_Generator_task_id" FOREIGN KEY (task_id) REFERENCES public."Generator_task"(id) DEFERRABLE INITIALLY DEFERRED;


--
-- Name: Generator_task Generator_task_task_id_1093b354_fk_Generator_tasklist_id; Type: FK CONSTRAINT; Schema: public; Owner: postgres
--

ALTER TABLE ONLY public."Generator_task"
    ADD CONSTRAINT "Generator_task_task_id_1093b354_fk_Generator_tasklist_id" FOREIGN KEY (task_id) REFERENCES public."Generator_tasklist"(id) DEFERRABLE INITIALLY DEFERRED;


--
-- Name: Generator_tasklist Generator_tasklist_level_id_df2e59c7_fk_Generator_level_id; Type: FK CONSTRAINT; Schema: public; Owner: postgres
--

ALTER TABLE ONLY public."Generator_tasklist"
    ADD CONSTRAINT "Generator_tasklist_level_id_df2e59c7_fk_Generator_level_id" FOREIGN KEY (level_id) REFERENCES public."Generator_level"(id) DEFERRABLE INITIALLY DEFERRED;


--
-- Name: Generator_tasklist Generator_tasklist_part_id_94579a2d_fk_Generator_part_id; Type: FK CONSTRAINT; Schema: public; Owner: postgres
--

ALTER TABLE ONLY public."Generator_tasklist"
    ADD CONSTRAINT "Generator_tasklist_part_id_94579a2d_fk_Generator_part_id" FOREIGN KEY (part_id) REFERENCES public."Generator_part"(id) DEFERRABLE INITIALLY DEFERRED;


--
-- Name: Generator_tasklist Generator_tasklist_subject_id_f7f736e6_fk_Generator_subject_id; Type: FK CONSTRAINT; Schema: public; Owner: postgres
--

ALTER TABLE ONLY public."Generator_tasklist"
    ADD CONSTRAINT "Generator_tasklist_subject_id_f7f736e6_fk_Generator_subject_id" FOREIGN KEY (subject_id) REFERENCES public."Generator_subject"(id) DEFERRABLE INITIALLY DEFERRED;


--
-- Name: Generator_variant Generator_variant_level_id_4f52620f_fk_Generator_level_id; Type: FK CONSTRAINT; Schema: public; Owner: postgres
--

ALTER TABLE ONLY public."Generator_variant"
    ADD CONSTRAINT "Generator_variant_level_id_4f52620f_fk_Generator_level_id" FOREIGN KEY (level_id) REFERENCES public."Generator_level"(id) DEFERRABLE INITIALLY DEFERRED;


--
-- Name: Generator_variant Generator_variant_var_subject_id_7aa395e2_fk_Generator; Type: FK CONSTRAINT; Schema: public; Owner: postgres
--

ALTER TABLE ONLY public."Generator_variant"
    ADD CONSTRAINT "Generator_variant_var_subject_id_7aa395e2_fk_Generator" FOREIGN KEY (var_subject_id) REFERENCES public."Generator_subject"(id) DEFERRABLE INITIALLY DEFERRED;


--
-- Name: Generator_variantcontent Generator_variantcon_variant_id_4e92f27c_fk_Generator; Type: FK CONSTRAINT; Schema: public; Owner: postgres
--

ALTER TABLE ONLY public."Generator_variantcontent"
    ADD CONSTRAINT "Generator_variantcon_variant_id_4e92f27c_fk_Generator" FOREIGN KEY (variant_id) REFERENCES public."Generator_variant"(id) DEFERRABLE INITIALLY DEFERRED;


--
-- Name: Generator_variantcontent Generator_variantcontent_task_id_e7599504_fk_Generator_task_id; Type: FK CONSTRAINT; Schema: public; Owner: postgres
--

ALTER TABLE ONLY public."Generator_variantcontent"
    ADD CONSTRAINT "Generator_variantcontent_task_id_e7599504_fk_Generator_task_id" FOREIGN KEY (task_id) REFERENCES public."Generator_task"(id) DEFERRABLE INITIALLY DEFERRED;


--
-- Name: auth_group_permissions auth_group_permissio_permission_id_84c5c92e_fk_auth_perm; Type: FK CONSTRAINT; Schema: public; Owner: postgres
--

ALTER TABLE ONLY public.auth_group_permissions
    ADD CONSTRAINT auth_group_permissio_permission_id_84c5c92e_fk_auth_perm FOREIGN KEY (permission_id) REFERENCES public.auth_permission(id) DEFERRABLE INITIALLY DEFERRED;


--
-- Name: auth_group_permissions auth_group_permissions_group_id_b120cbf9_fk_auth_group_id; Type: FK CONSTRAINT; Schema: public; Owner: postgres
--

ALTER TABLE ONLY public.auth_group_permissions
    ADD CONSTRAINT auth_group_permissions_group_id_b120cbf9_fk_auth_group_id FOREIGN KEY (group_id) REFERENCES public.auth_group(id) DEFERRABLE INITIALLY DEFERRED;


--
-- Name: auth_permission auth_permission_content_type_id_2f476e4b_fk_django_co; Type: FK CONSTRAINT; Schema: public; Owner: postgres
--

ALTER TABLE ONLY public.auth_permission
    ADD CONSTRAINT auth_permission_content_type_id_2f476e4b_fk_django_co FOREIGN KEY (content_type_id) REFERENCES public.django_content_type(id) DEFERRABLE INITIALLY DEFERRED;


--
-- Name: auth_user_groups auth_user_groups_group_id_97559544_fk_auth_group_id; Type: FK CONSTRAINT; Schema: public; Owner: postgres
--

ALTER TABLE ONLY public.auth_user_groups
    ADD CONSTRAINT auth_user_groups_group_id_97559544_fk_auth_group_id FOREIGN KEY (group_id) REFERENCES public.auth_group(id) DEFERRABLE INITIALLY DEFERRED;


--
-- Name: auth_user_groups auth_user_groups_user_id_6a12ed8b_fk_auth_user_id; Type: FK CONSTRAINT; Schema: public; Owner: postgres
--

ALTER TABLE ONLY public.auth_user_groups
    ADD CONSTRAINT auth_user_groups_user_id_6a12ed8b_fk_auth_user_id FOREIGN KEY (user_id) REFERENCES public.auth_user(id) DEFERRABLE INITIALLY DEFERRED;


--
-- Name: auth_user_user_permissions auth_user_user_permi_permission_id_1fbb5f2c_fk_auth_perm; Type: FK CONSTRAINT; Schema: public; Owner: postgres
--

ALTER TABLE ONLY public.auth_user_user_permissions
    ADD CONSTRAINT auth_user_user_permi_permission_id_1fbb5f2c_fk_auth_perm FOREIGN KEY (permission_id) REFERENCES public.auth_permission(id) DEFERRABLE INITIALLY DEFERRED;


--
-- Name: auth_user_user_permissions auth_user_user_permissions_user_id_a95ead1b_fk_auth_user_id; Type: FK CONSTRAINT; Schema: public; Owner: postgres
--

ALTER TABLE ONLY public.auth_user_user_permissions
    ADD CONSTRAINT auth_user_user_permissions_user_id_a95ead1b_fk_auth_user_id FOREIGN KEY (user_id) REFERENCES public.auth_user(id) DEFERRABLE INITIALLY DEFERRED;


--
-- Name: django_admin_log django_admin_log_content_type_id_c4bce8eb_fk_django_co; Type: FK CONSTRAINT; Schema: public; Owner: postgres
--

ALTER TABLE ONLY public.django_admin_log
    ADD CONSTRAINT django_admin_log_content_type_id_c4bce8eb_fk_django_co FOREIGN KEY (content_type_id) REFERENCES public.django_content_type(id) DEFERRABLE INITIALLY DEFERRED;


--
-- Name: django_admin_log django_admin_log_user_id_c564eba6_fk_auth_user_id; Type: FK CONSTRAINT; Schema: public; Owner: postgres
--

ALTER TABLE ONLY public.django_admin_log
    ADD CONSTRAINT django_admin_log_user_id_c564eba6_fk_auth_user_id FOREIGN KEY (user_id) REFERENCES public.auth_user(id) DEFERRABLE INITIALLY DEFERRED;


--
-- PostgreSQL database dump complete
--

